nome,instituicao,nivel,prazo_inscricao,valor_mensal,duracao_meses,status,documentos,link,observacoes
McCall MacBain Scholarship (McGill),McCall MacBain Foundation / McGill,Mestrado,2026-08-19,1500,24,A fazer,"Formulário de candidatura;Dois formulários de referência;Histórico educacional;Admissão na McGill",https://mccallmacbainscholars.org/apply/,"Canadá — bolsa integral + estipêndio. PRAZO 19/08/2026 para internacionais. Aberta a brasileiros"
Rhodes Scholarship (Global),Rhodes Trust / University of Oxford,Mestrado e Doutorado,2026-08-01,2150,24,A fazer,"Histórico;5–8 cartas de referência;CV;Declaração pessoal;Candidatura em Oxford",https://www.rhodeshouse.ox.ac.uk/scholarships/applications/global/,"Reino Unido — £20.400/ano. Brasil usa a via Global Rhodes. PRAZO CURTO (~ago/2026) — confirmar data exata"
Honjo International Scholarship (HISF),Honjo International Scholarship Foundation,Mestrado e Doutorado,2026-10-31,1400,24,A fazer,"Admissão em pós-graduação no Japão;Conversação em japonês;Formulário da fundação",https://www.hisf.or.jp/en/scholarship/foreigner/,"Japão — ¥180.000–230.000/mês. Janela 01/09–31/10/2026. É a 'Hanjo Foundation' do link enviado"
Chevening Scholarship,UK FCDO (Governo do Reino Unido),Mestrado,2026-10-06,1700,12,A fazer,"Diploma;Cartas de referência;Ensaios (liderança, networking, carreira, escolha de curso);Oferta de universidade no Reino Unido;Teste de inglês",https://www.chevening.org/scholarships/,"Reino Unido — ~£1.347/mês (Londres). Exige ~2 anos de experiência; retornar ao Brasil por 2 anos"
Knight-Hennessy Scholars,Stanford University,Mestrado e Doutorado,2026-10-06,4500,24,A fazer,"Histórico;Duas recomendações;Ensaios;Vídeo curto;Admissão separada em programa de Stanford",https://knight-hennessy.stanford.edu/admission/before-you-apply/dates-and-deadlines,"EUA — ~US$4.500/mês. Bacharelado a partir de 2019. Cobre até 3 anos"
Canada Graduate Scholarship – Doctoral (CGS-D),Governo do Canadá (CIHR/NSERC/SSHRC),Doutorado,2026-10-17,2450,36,A fazer,"Nomeação institucional;Formulários (área científica, cronograma doutoral);Cartas de referência",https://www.nserc-crsng.gc.ca/students-etudiants/pg-cs/cgsd-bescd_eng.asp,"Canadá — CAD 40.000/ano (~US$2.450/mês). Prazos internos do campus antes de 17/10 (substitui a Vanier)"
DAAD (EPOS / Study Scholarships),DAAD — German Academic Exchange Service,Mestrado e Doutorado,2026-10-31,1080,24,A fazer,"CV;Carta de motivação;Cartas de referência;Comprovante de admissão/interesse;Diploma;2 anos de experiência (EPOS)",https://www.daad.de/en/,"Alemanha — €992/mês mestrado, €1.300–1.400/mês doutorado. Prazo varia por programa (~out/2026)"
Gates Cambridge Scholarship,Gates Foundation / University of Cambridge,Mestrado e Doutorado,2026-12-03,2100,36,A fazer,"Candidatura de admissão em Cambridge;Proposta/statement de pesquisa;Cartas de referência;Declaração Gates Cambridge",https://www.gatescambridge.org/apply/timeline/,"Reino Unido — ~£20.000/ano. Aplica-se via sistema de admissão de Cambridge. ~55 vagas internacionais"
Clarendon Fund Scholarship,University of Oxford,Mestrado e Doutorado,2027-01-10,2100,36,A fazer,"Candidatura de admissão em Oxford (histórico, referências, statement, proposta de pesquisa)",https://www.ox.ac.uk/clarendon,"Reino Unido — taxas integrais + bolsa de manutenção. Automático ao aplicar a Oxford no prazo do curso (~dez–jan)"
A*STAR ACIS Scholarship,A*STAR (Singapura),Doutorado,2026-12-01,3400,48,A fazer,"Histórico;Statement of purpose;CV;Três cartas de referência",https://www.a-star.edu.sg/Scholarships,"Singapura — SGD 4.550/mês (~US$3.400). Doutorado em Computação/Info. Admissão jan/2027 (confirmar prazo)"
KAUST Fellowship,King Abdullah University of Science and Technology,Mestrado e Doutorado,2027-01-15,2000,24,A fazer,"Histórico;Statement of purpose;CV;Três cartas de referência;GRE opcional",https://admissions.kaust.edu.sa/,"Arábia Saudita — US$20–30k/ano + moradia. STEM. Candidatura rolling; rodada ~15/01/2027"
Swiss Government Excellence Scholarships,Confederação Suíça (SBFI),Doutorado,2026-09-30,2700,12,A fazer,"Carta de apoio de supervisor suíço;Diploma de mestrado;CV;Projeto de pesquisa",https://www.sbfi.admin.ch/sbfi/en/home/education/scholarships-and-grants/swiss-government-excellence-scholarships.html,"Suíça — CHF 2.450/mês. Prazo país-específico (~ago–set/2026). Renovável até 36 meses. Cota para América Latina"
Erasmus Mundus Joint Masters,Comissão Europeia (Erasmus+),Mestrado,2026-12-15,1520,24,A fazer,"Diploma/histórico;Carta de motivação;Cartas de referência;CV;Proficiência em inglês",https://www.eacea.ec.europa.eu/scholarships/emjmd-catalogue_en,"Europa (multi-país) — €1.400/mês + taxas + viagem. Prazo varia por programa (out/2026–fev/2027)"
Erasmus Mundus Joint Masters — Portugal (qualquer universidade),Comissão Europeia (universidades portuguesas),Mestrado,2026-12-15,1520,24,A fazer,"Diploma/histórico;Carta de motivação;Cartas de referência;CV;Proficiência em inglês/português",https://www.eacea.ec.europa.eu/scholarships/emjmd-catalogue_en,"Portugal — €1.400/mês + taxas + viagem. Universidades PT participam de vários consórcios (Lisboa, Porto, Coimbra, Aveiro, Minho, NOVA, Católica). Filtre o catálogo por Portugal. Vantagem do idioma para brasileiros"
Eiffel Excellence Scholarship,Governo da França (Campus France),Mestrado e Doutorado,2027-01-08,1280,24,A fazer,"Nomeação por universidade francesa;Diploma;CV;Cartas de referência",https://www.campusfrance.org/en/france-excellence-eiffel-scholarship-program,"França — €1.181/mês mestrado, €1.800/mês doutorado. Universidade francesa deve nomear. Limite de idade"
Fulbright Foreign Student Program,Comissão Fulbright Brasil / Governo dos EUA,Mestrado e Doutorado,2027-03-01,1800,24,A fazer,"Histórico;Ensaios;Cartas de referência;Teste de inglês;GRE (algumas áreas)",https://fulbright.org.br,"EUA — auxílio + taxas + passagem. Brasileiros aplicam pela Comissão Fulbright Brasil (prazo local, fev–mai) — confirmar"
Swedish Institute Scholarships for Global Professionals,Swedish Institute,Mestrado,2027-02-15,1140,24,A fazer,"CV;Carta de motivação;Duas referências de trabalho/liderança;Admissão no programa",https://si.se/en/apply/scholarships/swedish-institute-scholarships-for-global-professionals/,"Suécia — SEK 12.000/mês + taxas + viagem. Aplicar antes ao programa (~15/jan). Exige experiência profissional"
DAAD Helmut-Schmidt-Programme (Políticas Públicas),DAAD — German Academic Exchange Service,Mestrado,2026-07-31,1080,24,A fazer,"Diploma;Histórico;Carta de motivação;CV;Cartas de referência;Comprovante de idioma",https://www.daad.de/en/studying-in-germany/scholarships/daad-funding-programmes/helmut-schmidt-programme/,"Alemanha — €992/mês + taxas + seguro + auxílios. PRAZO 31/07/2026 (fecha em dias!). Foco em políticas públicas/governança"
Rosa Luxemburg Foundation Scholarship,Rosa-Luxemburg-Stiftung,Mestrado e Doutorado,2026-10-01,1520,36,A fazer,"Histórico;Comprovante de admissão em universidade alemã;Certificado de alemão (B2+);CV;Evidência de engajamento social",https://www.rosalux.de/en/foundation/studienwerk,"Alemanha — doutorado ~€1.400/mês. Exige alemão B2+ e engajamento social/político"
Khalifa University PhD Scholarship,Khalifa University (Abu Dhabi),Doutorado,2026-09-15,3000,48,A fazer,"Histórico;Diploma;CV;Statement;Cartas de referência;IELTS/TOEFL",https://www.ku.ac.ae/scholarships-postgraduate,"Emirados Árabes (EAU) — doutorado com estipêndio mensal generoso + moradia + seguro. Confirmar valor exato. Mestrado cobre só taxas"
Qatar University Graduate Scholarship,Qatar University,Mestrado e Doutorado,2027-02-15,1500,24,A fazer,"Histórico;Diplomas;Testes;Passaporte",https://www.qu.edu.qa/students/admission/graduate/scholarships,"Catar — QAR 5.000/mês mestrado (~US$1.370), QAR 6.000/mês doutorado (~US$1.645) + moradia + passagem. Prazo estimado (recorrente ~fev) — confirmar"
EPFL Excellence Fellowship (Mestrado),École Polytechnique Fédérale de Lausanne,Mestrado,2026-12-15,2900,24,A fazer,"Histórico;CV;Carta de motivação;Cartas de referência;Proficiência em inglês",https://www.epfl.ch/education/master/excellence-fellowships/,"Suíça — CHF ~16.000/semestre (~US$2.900/mês). Prazo estimado (~dez–jan) — confirmar"
New Zealand International Doctoral Research Scholarship,Governo da Nova Zelândia (universidades NZ),Doutorado,2027-05-15,1550,36,A fazer,"Histórico;Proposta de pesquisa;Cartas de referência;Aceite de orientador",https://www.wgtn.ac.nz/scholarships,"Nova Zelândia — NZ$31.000/ano (~US$1.550/mês) + taxas. Recorrente (~mai), prazo estimado — confirmar"
Lemann Fellowship (Stanford/Harvard),Fundação Lemann / Stanford / Harvard,Mestrado e Doutorado,2026-12-01,4000,24,A fazer,"Admissão em Stanford/Harvard;Ensaios;Cartas de referência;Histórico;Candidatura Lemann",https://lemanncenter.stanford.edu/doctoral,"EUA — específica para brasileiros. Estipêndio Stanford PhD ~US$4.000+/mês. Prazo ligado à admissão (~dez–jan) — confirmar"
FAPESP BEPE (Estágio de Pesquisa no Exterior),FAPESP,Mestrado e Doutorado,,1700,12,A fazer,"Plano de pesquisa no exterior;Carta de aceite do orientador anfitrião;Endosso do orientador",https://fapesp.br/en/bepe,"Exterior — US$1.380/mês mestrado, US$1.700/mês doutorado + passagem + seguro. Exige já ter bolsa FAPESP. Sem prazo fixo"
CAPES PrInt / Doutorado-Sanduíche,CAPES,Doutorado,,1100,12,A fazer,"Plano de trabalho;Carta de aceite no exterior;Endosso do orientador",https://www.gov.br/capes/,"Exterior — US$1.100/mês + instalação + seguro + passagem. Exige doutorado em andamento no Brasil. Prazos por universidade"
CNPq Doutorado no Exterior (GDE/SWE),CNPq,Doutorado,,1300,48,A fazer,"Projeto de pesquisa;Aceite da instituição no exterior;Histórico;Cartas de referência",https://www.gov.br/cnpq/,"Exterior — ~US$1.300/mês (verificar tabela de valores no exterior). Para brasileiros"
MSCA Doctoral Networks (Marie Curie),Comissão Europeia (Horizonte Europa),Doutorado,2026-11-15,3670,36,A fazer,"CV;Carta de motivação;Histórico;Cartas de referência",https://marie-sklodowska-curie-actions.ec.europa.eu/actions/doctoral-networks,"Europa — €3.400/mês base + mobilidade (ajuste por país). Vagas o ano todo no EURAXESS. Regra de mobilidade"
la Caixa INPhINIT (Doutorado),Fundação la Caixa,Doutorado,2027-01-28,3680,48,A fazer,"CV;Histórico;Statement of interest;Cartas de referência;Comprovante de inglês",https://lacaixafoundation.org/en/doctoral-inphinit-fellowships-incoming-call,"Espanha — ~€3.405/mês (STEM). Regra de mobilidade (não ter morado mais de 12 meses na Espanha nos últimos 3 anos)"
Boehringer Ingelheim Fonds PhD Fellowship,Boehringer Ingelheim Fonds,Doutorado,2026-10-01,2270,24,A fazer,"CV;Proposta de pesquisa;Cartas de referência;Histórico",https://www.bifonds.de/fellowships-grants/phd-fellowships.html,"Alemanha/Europa — €1.550 base + prêmio por país (~€2.100/mês na Alemanha). Pesquisa biomédica básica. 3 rodadas/ano (fev/jun/out)"
IMPRS — Max Planck Research Schools,Max Planck Society,Doutorado,,2920,48,A fazer,"CV;Histórico;Carta de motivação;Cartas de referência",https://www.mpg.de/914170/doctoral-student-funding,"Alemanha — ~€2.700/mês (contrato 65% TVöD-E13) + benefícios sociais. Prazo varia por escola (rolling)"
ETH Zurich — Posições de Doutorado,ETH Zürich,Doutorado,,5720,48,A fazer,"CV;Histórico;Carta de motivação;Cartas de referência",https://ethz.ch/en/doctorate.html,"Suíça — CHF ~5.100–5.350/mês (contrato de trabalho, entre os salários mais altos do mundo). Rolling (aplicar a vagas)"
EPFL — Programas de Doutorado (EDIC etc.),EPFL Lausanne,Doutorado,2026-12-01,5040,48,A fazer,"CV;Histórico;Statement;Cartas de referência;Comprovante de inglês",https://www.epfl.ch/education/phd/,"Suíça — CHF ~4.500–4.950/mês (salário). EDIC ~15/abr e ~01/dez (confirmar)"
ISTA — Programa de Doutorado (Áustria),Institute of Science and Technology Austria,Doutorado,2027-01-08,3230,60,A fazer,"CV;Histórico;Statement of purpose;Cartas de referência",https://phd.ist.ac.at/,"Áustria — €2.993–3.601/mês (14x/ano), contrato de 5 anos, sem mensalidade. Rodada principal ~08/jan"
Doutorado em Universidades Holandesas (promovendus),Universidades de pesquisa (Holanda),Doutorado,,2990,48,A fazer,"CV;Carta de motivação;Histórico;Cartas de referência",https://www.academictransfer.com/en/,"Holanda — €2.770 a 3.333/mês (salário CAO-NU) + férias + 13º. Rolling (vagas no AcademicTransfer)"
Doutorado na Noruega (stipendiat),Universidades norueguesas,Doutorado,,4100,48,A fazer,"CV;Histórico;Carta/projeto de pesquisa;Cartas de referência",https://academicpositions.com/,"Noruega — NOK 44.000–52.000/mês (salário). Rolling (aplicar a vagas)"
Doutorado na Dinamarca,Universidades dinamarquesas,Doutorado,,4190,36,A fazer,"CV;Histórico;Carta de motivação;Cartas de referência",https://www.dtu.dk/english/education/phd/,"Dinamarca — DKK 28.900–35.000/mês incl. pensão (salário). Rolling (vagas). Requer visto de trabalho"
Pesquisador de Doutorado na Finlândia,Universidades finlandesas,Doutorado,,2270,48,A fazer,"CV;Plano de pesquisa;Histórico;Cartas de referência",https://www.aka.fi/en/,"Finlândia — €2.100–2.800/mês (salário). Rolling (aplicar a vagas)"
Government of Ireland Postgraduate Scholarship,Research Ireland,Mestrado e Doutorado,2026-10-23,1980,48,A fazer,"Proposta de pesquisa;CV;Cartas de referência acadêmicas;Histórico",https://www.researchireland.ie/funding/government-ireland-postgraduate/,"Irlanda — ~€22.000/ano (~€1.833/mês) + taxas + custos de pesquisa. Rodada anual ~out"
Wellcome Trust PhD Programmes,Wellcome Trust,Doutorado,2026-12-01,2750,48,A fazer,"CV;Personal statement;Cartas de referência;Histórico",https://wellcome.org/research-funding/schemes,"Reino Unido — ~£2.160/mês isento de imposto + taxas internacionais + visto. Prazos por programa (~nov–jan)"
NUS President's Graduate Fellowship,National University of Singapore,Doutorado,2026-11-15,2890,48,A fazer,"CV;Histórico;GRE (alguns programas);Cartas de referência;Research statement",https://nusgs.nus.edu.sg/,"Singapura — S$3.900/mês (internacionais) + taxas + auxílios. Ligado à admissão de doutorado (~nov/jan)"
Australian Government RTP Stipend,Governo da Austrália (universidades),Mestrado e Doutorado,2026-09-30,2035,36,A fazer,"CV;Histórico;Proposta de pesquisa;Cartas de referência",https://www.education.gov.au/research-block-grants/research-training-program,"Austrália — A$37.010/ano (~A$3.084/mês) isento de imposto. Parte das vagas reservada a internacionais. Prazos por universidade (~ago–out)"
CAPES — Demanda Social,CAPES,Mestrado e Doutorado,,626,48,A fazer,"Matrícula em PPG stricto sensu público;Dedicação exclusiva;Seleção no próprio programa",https://www.gov.br/capes/pt-br/acesso-a-informacao/acoes-e-programas/bolsas/bolsas-no-pais/programa-de-demanda-social-ds,"🇧🇷 Brasil — R$2.310/mês mestrado, R$3.410/mês doutorado. Cotas nos PPGs; seleção interna ~mar–abr/2026"
CAPES — PROEX (Excelência Acadêmica),CAPES,Mestrado e Doutorado,,626,48,A fazer,"Matrícula em PPG nota 6 ou 7;Dedicação exclusiva;Seleção no programa",https://www.gov.br/capes/pt-br/acesso-a-informacao/acoes-e-programas/bolsas/bolsas-no-pais/proex/sobre-o-proex,"🇧🇷 Brasil — R$2.310/R$3.410 por mês. Para PPGs de excelência (nota 6-7)"
CAPES — PROSUC (instituições comunitárias),CAPES,Mestrado e Doutorado,,626,48,A fazer,"Matrícula em PPG stricto sensu de instituição comunitária;Seleção no programa",https://www.gov.br/capes/pt-br/acesso-a-informacao/acoes-e-programas/bolsas/bolsas-no-pais/prosuc,"🇧🇷 Brasil — R$2.310/R$3.410 por mês + taxa escolar. Instituições comunitárias/confessionais"
CAPES — PDSE (Doutorado-Sanduíche no Exterior),CAPES,Doutorado,,1300,9,A fazer,"Matrícula em doutorado (PPG nota maior ou igual a 4);Indicação pelo PPG;Plano de estudos;Aceite da instituição no exterior",https://www.gov.br/capes/pt-br/assuntos/noticias/sai-edital-de-doutorado-sanduiche-no-exterior-para-2026,"Exterior — bolsa na moeda do país + passagem + instalação + seguro. Edital 17/2025; chamadas em 2026. Recorrente — acompanhar próximo edital"
CNPq — Mestrado (GM) e Doutorado (GD),CNPq,Mestrado e Doutorado,,626,48,A fazer,"Matrícula em PPG stricto sensu;Dedicação integral;Seleção no programa/chamada",https://www.gov.br/cnpq/pt-br/acesso-a-informacao/bolsas-e-auxilios,"🇧🇷 Brasil — R$2.310/mês mestrado, R$3.410/mês doutorado. Cotas via PPG (PIBPG) e chamadas temáticas"
CNPq — PIBPG (Ciclo 2027),CNPq,Mestrado e Doutorado,,626,48,A fazer,"Via PPG/instituição credenciada (a instituição se candidata às cotas)",https://www.gov.br/cnpq/pt-br,"🇧🇷 Brasil — R$2.310/R$3.410 por mês. Chamada 7/2026 (institucional, publicada em 29/05/2026); alunos acessam pelo PPG. A ABRIR/aberta"
FAPESP — Mestrado e Doutorado,FAPESP,Mestrado e Doutorado,,1310,48,A fazer,"Aceite em PPG stricto sensu em SP;Orientador com elegibilidade FAPESP;Plano de pesquisa",https://fapesp.br/valores/bolsasnopais,"🇧🇷 Brasil (SP) — mestrado ~R$3.270–3.450/mês; doutorado ~R$5.790–7.140/mês + reserva técnica. Fluxo contínuo (o ano todo)"
FAPERJ — Bolsa Nota 10,FAPERJ,Mestrado e Doutorado,,900,48,A fazer,"Matrícula em PPG do RJ nota 5, 6 ou 7;Seleção por excelência acadêmica",https://www.faperj.br/,"🇧🇷 Brasil (RJ) — programa premium (mensalidade acima do padrão federal — confirmar no edital). Edital 04/2026; 2ª janela no 2º semestre/2026"
FAPEMIG — PCRH (Chamada 08/2026),FAPEMIG,Mestrado e Doutorado,,826,48,A fazer,"Matrícula em PPG stricto sensu de MG",https://fapemig.br/,"🇧🇷 Brasil (MG) — R$3.000/mês mestrado, R$4.500/mês doutorado (valor único a partir de ago/2026). ABERTA"
FACEPE — PBPG 2026.2 (Edital 13/2026),FACEPE,Mestrado e Doutorado,,626,48,A fazer,"Matrícula em PPG stricto sensu de PE",https://www.facepe.br/bpg-bolsa-de-pos-graduacao/,"🇧🇷 Brasil (PE) — R$2.400/mês mestrado, R$3.410/mês doutorado. 85 mestrado + 50 doutorado. ABERTA (2026.2)"
FAPERGS — Mestrado Pleno Internacional (Edital 02/2026),FAPERGS,Mestrado,2026-04-08,1688,24,A fazer,"Seleção no programa (com Instituto Trajetórias);Plano de estudos",https://fapergs.rs.gov.br/fapergs-lanca-editais-de-bolsas-de-mestrado-e-doutorado,"🇧🇷 Brasil (RS) — R$9.200/mês (~US$1.688) + R$55 mil de instalação. Inscrições 13/02–08/04/2026"
FAP-DF — PDPG (Mestrado e Doutorado),FAP-DF,Mestrado e Doutorado,2026-03-13,626,48,A fazer,"Matrícula em PPG do DF;Proposta via SIGFAP (institucional)",https://www.fap.df.gov.br/programas-de-bolsas-e-eventos,"🇧🇷 Brasil (DF) — R$2.310/R$3.410 por mês. Propostas 09/02–13/03/2026 (ex.: UnB 30 M + 20 D)"
FAPESC — Bolsas M/D (Chamada 07/2026),FAPESC,Mestrado e Doutorado,,626,48,A fazer,"Via PPG credenciado de SC",https://fapesc.sc.gov.br/category/chamadas-abertas/,"🇧🇷 Brasil (SC) — credenciamento de PPGs para cotas de M/D. Investimento R$66M em bolsas"
Fundação Araucária — Bolsas M/D (em preparação),Fundação Araucária (PR),Mestrado e Doutorado,,626,48,A fazer,"Via PPG do Paraná",https://www.fappr.pr.gov.br/,"🇧🇷 Brasil (PR) — novo edital de mestrado/doutorado/pós-doc em preparação. A ABRIR — acompanhar"
FAPESQ — Bolsas M/D,FAPESQ (Paraíba),Mestrado e Doutorado,,570,48,A fazer,"Matrícula em PPG da Paraíba",https://fapesq.rpp.br/,"🇧🇷 Brasil (PB) — R$2.100/mês mestrado, R$3.100/mês doutorado. Até 150 M + 130 D em 7 editais (R$41,6M)"
FAPES — Bolsas M/D,FAPES (Espírito Santo),Mestrado e Doutorado,,626,48,A fazer,"Matrícula em PPG do Espírito Santo",https://fapes.es.gov.br/editais/abertos,"🇧🇷 Brasil (ES) — edital com ~300 bolsas de mestrado/doutorado"
FCT — Bolsas de Doutoramento,FCT — Fundação para a Ciência e a Tecnologia,Doutorado,,1470,48,A fazer,"Documento de identificação;Diplomas e históricos;CV (CIÊNCIAVITAE);Carta de motivação;Plano de trabalho;Aceite de orientador e instituição de acolhimento",https://www.fct.pt/en/financiamento/programas-de-financiamento/bolsas/,"🇵🇹 Portugal — ~€1.310–1.360/mês líquido (~€1.686 incl. seg. social) + propinas + instalação. Aberta a brasileiros. Concurso 2026 encerrou (mar); próximo ~mar/2027"
Camões — Bolsas (cooperação/investigação),Camões — Instituto da Cooperação e da Língua,Mestrado e Doutorado,,,24,A fazer,"Documento de identificação;Diplomas;CV;Carta de motivação;Plano (conforme linha)",https://www.instituto-camoes.pt/activity/o-que-fazemos/bolsas-estudo,"🇵🇹 Portugal — auxílio mensal + 1 mês de instalação (valor a confirmar, modesto). Foco CPLP (Brasil é membro; algumas linhas priorizam PALOP/Timor). Doutoramento agora via FCT. Candidaturas ~mai/2026"
Doutorado 100% financiado — University of Texas at Austin,University of Texas at Austin,Doutorado,2026-12-01,2500,60,A fazer,"Histórico;Statement of Purpose;3 cartas de recomendação;TOEFL/IELTS;CV;GRE (algumas áreas)",https://gradschool.utexas.edu/,"🇺🇸 EUA — doutorado 100% financiado (bolsa + isenção de propina). Aceita TOEFL 79. Prazo ~dez/2026 (varia por programa/área)"
Doutorado 100% financiado — University of Arizona,University of Arizona,Doutorado,2026-12-01,2200,60,A fazer,"Histórico;Statement of Purpose;3 cartas de recomendação;TOEFL/IELTS;CV;GRE (algumas áreas)",https://grad.arizona.edu/,"🇺🇸 EUA — doutorado 100% financiado (bolsa + isenção de propina). Aceita TOEFL 80. Prazo ~dez/2026 (varia por programa/área)"
Doutorado 100% financiado — Vanderbilt University,Vanderbilt University,Doutorado,2026-12-01,2800,60,A fazer,"Histórico;Statement of Purpose;3 cartas de recomendação;TOEFL/IELTS;CV;GRE (algumas áreas)",https://gradschool.vanderbilt.edu/,"🇺🇸 EUA — doutorado 100% financiado (bolsa + isenção de propina). Aceita TOEFL 89. Prazo ~dez/2026 (varia por programa/área)"
Doutorado 100% financiado — Georgia Institute of Technology,Georgia Institute of Technology,Doutorado,2026-12-01,2900,60,A fazer,"Histórico;Statement of Purpose;3 cartas de recomendação;TOEFL/IELTS;CV;GRE (algumas áreas)",https://grad.gatech.edu/,"🇺🇸 EUA — doutorado 100% financiado (bolsa + isenção de propina). Aceita TOEFL 90. Prazo ~dez/2026 (varia por programa/área)"
Doutorado 100% financiado — Louisiana State University,Louisiana State University,Doutorado,2026-12-01,2000,60,A fazer,"Histórico;Statement of Purpose;3 cartas de recomendação;TOEFL/IELTS;CV;GRE (algumas áreas)",https://www.lsu.edu/graduateschool/,"🇺🇸 EUA — doutorado 100% financiado (bolsa + isenção de propina). Aceita TOEFL 79. Prazo ~dez/2026 (varia por programa/área)"
Doutorado 100% financiado — University of Colorado Boulder,University of Colorado Boulder,Doutorado,2026-12-01,2600,60,A fazer,"Histórico;Statement of Purpose;3 cartas de recomendação;TOEFL/IELTS;CV;GRE (algumas áreas)",https://www.colorado.edu/graduateschool/,"🇺🇸 EUA — doutorado 100% financiado (bolsa + isenção de propina). Aceita TOEFL 80. Prazo ~dez/2026 (varia por programa/área)"
Doutorado 100% financiado — Florida State University,Florida State University,Doutorado,2026-12-01,2100,60,A fazer,"Histórico;Statement of Purpose;3 cartas de recomendação;TOEFL/IELTS;CV;GRE (algumas áreas)",https://gradschool.fsu.edu/,"🇺🇸 EUA — doutorado 100% financiado (bolsa + isenção de propina). Aceita TOEFL 80. Prazo ~dez/2026 (varia por programa/área)"
Doutorado 100% financiado — University of Notre Dame,University of Notre Dame,Doutorado,2026-12-01,2700,60,A fazer,"Histórico;Statement of Purpose;3 cartas de recomendação;TOEFL/IELTS;CV;GRE (algumas áreas)",https://graduateschool.nd.edu/,"🇺🇸 EUA — doutorado 100% financiado (bolsa + isenção de propina). Aceita TOEFL 80. Prazo ~dez/2026 (varia por programa/área)"
Doutorado 100% financiado — University at Buffalo (SUNY),University at Buffalo (SUNY),Doutorado,2026-12-01,2200,60,A fazer,"Histórico;Statement of Purpose;3 cartas de recomendação;TOEFL/IELTS;CV;GRE (algumas áreas)",https://www.buffalo.edu/grad.html,"🇺🇸 EUA — doutorado 100% financiado (bolsa + isenção de propina). Aceita TOEFL 79. Prazo ~dez/2026 (varia por programa/área)"
Doutorado 100% financiado — University of Michigan (Ann Arbor),University of Michigan – Ann Arbor,Doutorado,2026-12-01,3000,60,A fazer,"Histórico;Statement of Purpose;3 cartas de recomendação;TOEFL/IELTS;CV;GRE (algumas áreas)",https://rackham.umich.edu/,"🇺🇸 EUA — doutorado 100% financiado (bolsa + isenção de propina). Aceita TOEFL 84. Prazo ~dez/2026 (varia por programa/área)"
Doutorado 100% financiado — Northeastern University,Northeastern University,Doutorado,2026-12-01,2600,60,A fazer,Histórico;Statement of Purpose;3 cartas de recomendação;TOEFL/IELTS;CV;GRE (algumas áreas),,"🇺🇸 EUA — doutorado 100% financiado (bolsa + isenção de propina), citizenship-blind. Boston. https://www.northeastern.edu/. Prazo ~dez/2026 (varia por programa)"
Doutorado 100% financiado — Boston University,Boston University,Doutorado,2026-12-01,3000,60,A fazer,Histórico;Statement of Purpose;3 cartas de recomendação;TOEFL/IELTS;CV;GRE (algumas áreas),,"🇺🇸 EUA — doutorado 100% financiado (bolsa + isenção de propina), citizenship-blind. Boston. https://www.bu.edu/. Prazo ~dez/2026 (varia por programa)"
Doutorado 100% financiado — Rice University,Rice University,Doutorado,2026-12-01,3400,60,A fazer,Histórico;Statement of Purpose;3 cartas de recomendação;TOEFL/IELTS;CV;GRE (algumas áreas),,"🇺🇸 EUA — doutorado 100% financiado (bolsa + isenção de propina), citizenship-blind. Houston — estipêndio alto. https://graduate.rice.edu/. Prazo ~dez/2026 (varia por programa)"
Doutorado 100% financiado — University of Miami,University of Miami,Doutorado,2026-12-01,2400,60,A fazer,Histórico;Statement of Purpose;3 cartas de recomendação;TOEFL/IELTS;CV;GRE (algumas áreas),,"🇺🇸 EUA — doutorado 100% financiado (bolsa + isenção de propina), citizenship-blind. Miami. https://grad.miami.edu/. Prazo ~dez/2026 (varia por programa)"
Doutorado 100% financiado — Florida International University (FIU),Florida International University,Doutorado,2026-12-01,2000,60,A fazer,Histórico;Statement of Purpose;3 cartas de recomendação;TOEFL/IELTS;CV;GRE (algumas áreas),,"🇺🇸 EUA — doutorado 100% financiado (bolsa + isenção de propina), citizenship-blind. Miami. https://gradschool.fiu.edu/. Prazo ~dez/2026 (varia por programa)"
Doutorado 100% financiado — Temple University,Temple University,Doutorado,2026-12-01,2200,60,A fazer,Histórico;Statement of Purpose;3 cartas de recomendação;TOEFL/IELTS;CV;GRE (algumas áreas),,"🇺🇸 EUA — doutorado 100% financiado (bolsa + isenção de propina), citizenship-blind. Filadélfia. https://www.temple.edu/academics/degree-programs. Prazo ~dez/2026 (varia por programa)"
Doutorado 100% financiado — Rutgers University,Rutgers University,Doutorado,2026-12-01,2900,60,A fazer,Histórico;Statement of Purpose;3 cartas de recomendação;TOEFL/IELTS;CV;GRE (algumas áreas),,"🇺🇸 EUA — doutorado 100% financiado (bolsa + isenção de propina), citizenship-blind. Nova Jersey. https://grad.rutgers.edu/. Prazo ~dez/2026 (varia por programa)"
Doutorado financiado — Yale University,Yale University,Doutorado,2026-12-01,4231,60,A fazer,Histórico;Statement of Purpose;3 cartas de recomendação;TOEFL/IELTS;CV;GRE (algumas áreas),https://gsas.yale.edu/,"🇺🇸 EUA — doutorado 100% financiado (~US$4231/mês + propina + seguro), igual para brasileiros. Prazo ~15/dez"
Doutorado financiado — Stanford University,Stanford University,Doutorado,2026-12-01,4700,60,A fazer,Histórico;Statement of Purpose;3 cartas de recomendação;TOEFL/IELTS;CV;GRE (algumas áreas),https://gfs.stanford.edu/,"🇺🇸 EUA — doutorado 100% financiado (~US$4700/mês + propina + seguro), igual para brasileiros. Prazo ~01/dez"
Doutorado financiado — MIT,Massachusetts Institute of Technology,Doutorado,2026-12-01,4269,60,A fazer,Histórico;Statement of Purpose;3 cartas de recomendação;TOEFL/IELTS;CV;GRE (algumas áreas),https://oge.mit.edu/,"🇺🇸 EUA — doutorado 100% financiado (~US$4269/mês + propina + seguro), igual para brasileiros. Presidential Fellowship; Media Lab financia mestrado tb"
Doutorado financiado — Harvard University,Harvard University,Doutorado,2026-12-01,4167,60,A fazer,Histórico;Statement of Purpose;3 cartas de recomendação;TOEFL/IELTS;CV;GRE (algumas áreas),https://gsas.harvard.edu/,"🇺🇸 EUA — doutorado 100% financiado (~US$4167/mês + propina + seguro), igual para brasileiros. Griffin GSAS; mín. US$50k/ano"
Doutorado financiado — Princeton University,Princeton University,Doutorado,2026-12-01,4518,60,A fazer,Histórico;Statement of Purpose;3 cartas de recomendação;TOEFL/IELTS;CV;GRE (algumas áreas),https://gradschool.princeton.edu/,"🇺🇸 EUA — doutorado 100% financiado (~US$4518/mês + propina + seguro), igual para brasileiros. "
Doutorado financiado — Columbia University,Columbia University,Doutorado,2026-12-01,3642,60,A fazer,Histórico;Statement of Purpose;3 cartas de recomendação;TOEFL/IELTS;CV;GRE (algumas áreas),https://www.gsas.columbia.edu/,"🇺🇸 EUA — doutorado 100% financiado (~US$3642/mês + propina + seguro), igual para brasileiros. Nova York"
Doutorado financiado — University of Chicago,University of Chicago,Doutorado,2026-12-01,3862,60,A fazer,Histórico;Statement of Purpose;3 cartas de recomendação;TOEFL/IELTS;CV;GRE (algumas áreas),https://grad.uchicago.edu/,"🇺🇸 EUA — doutorado 100% financiado (~US$3862/mês + propina + seguro), igual para brasileiros. "
Doutorado financiado — UC Berkeley,"University of California, Berkeley",Doutorado,2026-12-01,3000,60,A fazer,Histórico;Statement of Purpose;3 cartas de recomendação;TOEFL/IELTS;CV;GRE (algumas áreas),https://grad.berkeley.edu/,"🇺🇸 EUA — doutorado 100% financiado (~US$3000/mês + propina + seguro), igual para brasileiros. Berkeley/Chancellor's Fellowship"
Doutorado financiado — Cornell University,Cornell University,Doutorado,2026-12-01,3400,60,A fazer,Histórico;Statement of Purpose;3 cartas de recomendação;TOEFL/IELTS;CV;GRE (algumas áreas),https://gradschool.cornell.edu/,"🇺🇸 EUA — doutorado 100% financiado (~US$3400/mês + propina + seguro), igual para brasileiros. Aceita ajuda a internacionais"
Doutorado financiado — Duke University,Duke University,Doutorado,2026-12-01,3077,60,A fazer,Histórico;Statement of Purpose;3 cartas de recomendação;TOEFL/IELTS;CV;GRE (algumas áreas),https://gradschool.duke.edu/,"🇺🇸 EUA — doutorado 100% financiado (~US$3077/mês + propina + seguro), igual para brasileiros. US$40k/ano + realocação US$2.500"
Doutorado financiado — Johns Hopkins University,Johns Hopkins University,Doutorado,2026-12-01,4333,60,A fazer,Histórico;Statement of Purpose;3 cartas de recomendação;TOEFL/IELTS;CV;GRE (algumas áreas),https://provost.jhu.edu/,"🇺🇸 EUA — doutorado 100% financiado (~US$4333/mês + propina + seguro), igual para brasileiros. "
Doutorado financiado — New York University (NYU),New York University,Doutorado,2026-12-01,3500,60,A fazer,Histórico;Statement of Purpose;3 cartas de recomendação;TOEFL/IELTS;CV;GRE (algumas áreas),https://gsas.nyu.edu/,"🇺🇸 EUA — doutorado 100% financiado (~US$3500/mês + propina + seguro), igual para brasileiros. MacCracken Fellowship"
Doutorado financiado — University of Southern California (USC),University of Southern California,Doutorado,2026-12-01,3433,60,A fazer,Histórico;Statement of Purpose;3 cartas de recomendação;TOEFL/IELTS;CV;GRE (algumas áreas),https://graduateschool.usc.edu/,"🇺🇸 EUA — doutorado 100% financiado (~US$3433/mês + propina + seguro), igual para brasileiros. "
Doutorado financiado — Caltech,California Institute of Technology,Doutorado,2026-12-01,4020,60,A fazer,Histórico;Statement of Purpose;3 cartas de recomendação;TOEFL/IELTS;CV;GRE (algumas áreas),https://gradoffice.caltech.edu/,"🇺🇸 EUA — doutorado 100% financiado (~US$4020/mês + propina + seguro), igual para brasileiros. Exige autorização de trabalho — confirmar"
Doutorado financiado — University of Pennsylvania,University of Pennsylvania,Doutorado,2026-12-01,3669,60,A fazer,Histórico;Statement of Purpose;3 cartas de recomendação;TOEFL/IELTS;CV;GRE (algumas áreas),https://srfs.upenn.edu/,"🇺🇸 EUA — doutorado 100% financiado (~US$3669/mês + propina + seguro), igual para brasileiros. Filadélfia"
UBC International Doctoral Fellowship (IDF),University of British Columbia,Doutorado,,1825,48,A fazer,"Candidatura de admissão (histórico, referências, proposta de pesquisa);Proficiência em inglês",https://www.grad.ubc.ca/awards/international-doctoral-fellowship,🇨🇦 Canadá — CAD 30.000/ano + propina. Só internacionais. Nomeação via programa (~nov–jan)
UBC Four Year Doctoral Fellowship (4YF),University of British Columbia,Doutorado,,1460,48,A fazer,"Candidatura de admissão (histórico, referências, proposta de pesquisa);Proficiência em inglês",https://www.grad.ubc.ca/awards/four-year-doctoral-fellowship-4yf,🇨🇦 Canadá — CAD 24.000/ano (2026) + propina. Nomeação via programa
Ontario Trillium Scholarship (OTS),"Universidades de Ontário (UofT, Waterloo…)",Doutorado,,2433,48,A fazer,"Candidatura de admissão (histórico, referências, proposta de pesquisa);Proficiência em inglês",https://www.sgs.utoronto.ca/awards/,🇨🇦 Canadá — CAD 40.000/ano. SÓ internacionais. Não pode já estar em Ontário. Nomeação (~dez–fev)
University of Toronto — Pacote de Doutorado,University of Toronto,Doutorado,,2400,48,A fazer,"Candidatura de admissão (histórico, referências, proposta de pesquisa);Proficiência em inglês",https://www.sgs.utoronto.ca/,🇨🇦 Canadá — CAD 40.000/ano (inclui propina) + UHIP p/ internacionais. Automático na admissão
University of Waterloo — Funding + IDSA,University of Waterloo,Doutorado,,1773,48,A fazer,"Candidatura de admissão (histórico, referências, proposta de pesquisa);Proficiência em inglês",https://uwaterloo.ca/current-graduate-students/awards-and-funding/minimum-funding,🇨🇦 Canadá — mín. CAD 29.145/ano (2026) incl. International Doctoral Student Award
McGill — Pacote de Doutorado + GEF,McGill University,Doutorado,,1217,48,A fazer,"Candidatura de admissão (histórico, referências, proposta de pesquisa);Proficiência em inglês",https://www.mcgill.ca/gps/funding/opportunities/phd,🇨🇦 Canadá — a partir de CAD 20.000/ano (varia por faculdade) + cobertura de propina internacional
University of Alberta — Funding Mínimo de Doutorado,University of Alberta,Doutorado,,1521,48,A fazer,"Candidatura de admissão (histórico, referências, proposta de pesquisa);Proficiência em inglês",https://www.ualberta.ca/en/graduate-studies/,🇨🇦 Canadá — mín. CAD 100.000 em 4 anos (≥CAD 25.000 no 1º ano)
University of Calgary — Eyes High / Doctoral Recruitment,University of Calgary,Doutorado,,1825,48,A fazer,"Candidatura de admissão (histórico, referências, proposta de pesquisa);Proficiência em inglês",https://grad.ucalgary.ca/awards/,🇨🇦 Canadá — ~CAD 30.000/ano (estimado; confirmar). Nomeação na admissão
Canada Graduate Scholarship – Doctoral (CGRS-D),Governo do Canadá (tri-council),Doutorado,,2433,36,A fazer,"Candidatura de admissão (histórico, referências, proposta de pesquisa);Proficiência em inglês",https://vanier.gc.ca/en/home-accueil.html,🇨🇦 Canadá — CAD 40.000/ano. Substitui a Vanier; agora aberta a internacionais (até 15%)
Université de Montréal — Exemption + funding,Université de Montréal,Doutorado,,1100,48,A fazer,"Candidatura de admissão (histórico, referências, proposta de pesquisa);Proficiência em inglês",https://registraire.umontreal.ca/droits-de-scolarite/bourse-exemption/,🇨🇦 Canadá — isenção de propina + bolsa departamental (valor em dinheiro varia). Automático
Politecnico di Milano — Bolsa de Doutorado,Politecnico di Milano,Doutorado,2027-05-15,1530,36,A fazer,Histórico;Projeto/proposta de pesquisa;Cartas de referência;CV;Proficiência em inglês,https://www.dottorato.polimi.it/en,🇮🇹 Itália — ~€1.417/mês + propina isenta. Chamada nacional ~mai (estimado)
Scuola Normale Superiore (Pisa) — PhD,Scuola Normale Superiore,Doutorado,,1625,48,A fazer,Histórico;Projeto/proposta de pesquisa;Cartas de referência;CV;Proficiência em inglês,https://www.sns.it/en,🇮🇹 Itália — ~€1.504/mês + alojamento/refeição grátis + verba de pesquisa. Prazo ~ago/set
Bocconi University — PhD Fellowship,Bocconi University,Doutorado,2027-01-15,2700,48,A fazer,Histórico;Projeto/proposta de pesquisa;Cartas de referência;CV;Proficiência em inglês,https://www.unibocconi.it/en/programs/phd,🇮🇹 Itália — ~€2.500/mês (Economia/Finanças/Gestão). Prazo ~meados de jan
Scuola Superiore Sant'Anna (Pisa) — PhD,Scuola Superiore Sant'Anna,Doutorado,,2600,36,A fazer,Histórico;Projeto/proposta de pesquisa;Cartas de referência;CV;Proficiência em inglês,https://www.santannapisa.it/en,🇮🇹 Itália — ~€2.370–2.440/mês + moradia + verba de pesquisa. Prazo ~verão
KU Leuven — Doctoral Scholarship,KU Leuven,Doutorado,,2500,48,A fazer,Histórico;Projeto/proposta de pesquisa;Cartas de referência;CV;Proficiência em inglês,https://www.kuleuven.be/personeel/jobsite/en/phd/phd-information,🇧🇪 Bélgica — ~€2.200–2.500/mês líquido (isento). Rolling por vaga
Ghent University — BOF Doctoral Fellowship,Ghent University,Doutorado,2026-10-01,2670,48,A fazer,Histórico;Projeto/proposta de pesquisa;Cartas de referência;CV;Proficiência em inglês,https://www.ugent.be/en/research/funding/bof/doc,🇧🇪 Bélgica — ~€2.470/mês líquido. Duas chamadas/ano (~mar e ~out)
Karolinska Institutet — Doutorado assalariado,Karolinska Institutet,Doutorado,,2800,48,A fazer,Histórico;Projeto/proposta de pesquisa;Cartas de referência;CV;Proficiência em inglês,https://ki.se/en/jobs,"🇸🇪 Suécia — SEK 27.900–31.200/mês (salário, medicina/ciências da vida). Rolling"
KTH Royal Institute of Technology — PhD,KTH,Doutorado,,3200,54,A fazer,Histórico;Projeto/proposta de pesquisa;Cartas de referência;CV;Proficiência em inglês,https://www.kth.se/en/om/work-at-kth,"🇸🇪 Suécia — SEK 32.000–36.100/mês (salário, engenharia/ciência). Rolling"
TU Delft — PhD Candidate (assalariado),Delft University of Technology,Doutorado,,3300,48,A fazer,Histórico;Projeto/proposta de pesquisa;Cartas de referência;CV;Proficiência em inglês,https://careers.tudelft.nl,🇳🇱 Holanda — €3.059→3.881/mês bruto + férias + 13º. Rolling por vaga
FNR AFR / University of Luxembourg — PhD,FNR / University of Luxembourg,Doutorado,2027-03-15,3990,48,A fazer,Histórico;Projeto/proposta de pesquisa;Cartas de referência;CV;Proficiência em inglês,https://www.fnr.lu/funding-instruments/afr/,🇱🇺 Luxemburgo — ~€3.690+/mês (contrato) + verba de formação. AFR ~mar; vagas rolling
Central European University (CEU) — Doctoral,Central European University,Doutorado,2027-02-01,2160,48,A fazer,Histórico;Projeto/proposta de pesquisa;Cartas de referência;CV;Proficiência em inglês,https://www.ceu.edu/admissions/financial-aid,🇦🇹 Áustria/Hungria — €2.002/mês + propina isenta + moradia. Prazo ~fim jan/fev
FI Joan Oró (AGAUR) — Predoutoral,AGAUR — Generalitat de Catalunya,Doutorado,2026-10-15,2560,48,A fazer,Histórico;Projeto/proposta de pesquisa;Cartas de referência;CV;Proficiência em inglês,https://agaur.gencat.cat/en/beques-i-ajuts/Research-grants/ajuts-predoctorals/,🇪🇸 Espanha (Catalunha) — ~€2.367/mês (contrato 4 anos) + propina. Prazo ~out
University of Iceland — Doctoral Grants,University of Iceland,Doutorado,2027-02-01,3830,36,A fazer,Histórico;Projeto/proposta de pesquisa;Cartas de referência;CV;Proficiência em inglês,https://english.hi.is/research/funds-and-grants/internal-grants/phd-grants-fund,🇮🇸 Islândia — ISK 525.000/mês bruto (a partir de jul/2026). Prazo ~jan/fev
University of Edinburgh — Doctoral College Scholarship,University of Edinburgh,Doutorado,2027-02-01,2050,42,A fazer,Histórico;Projeto/proposta de pesquisa;Cartas de referência;CV;Proficiência em inglês,https://registryservices.ed.ac.uk/student-funding/postgraduate/international/other-funding/doctoral-college,🏴 Reino Unido — £19.237/ano (~£1.603/mês) + propina. Prazo ~fim jan/fev
Cambridge Trust Scholarships,Cambridge Trust / University of Cambridge,Mestrado e Doutorado,2026-12-15,2050,36,A fazer,Histórico;Projeto/proposta de pesquisa;Cartas de referência;CV;Proficiência em inglês,https://www.cambridgetrust.org/scholarships,🏴 Reino Unido — propina integral + manutenção (~£19k+/ano p/ doutorado). Via admissão (~dez–jan)
University of Tokyo Fellowship (UTokyo),The University of Tokyo,Doutorado,,1300,36,A fazer,Histórico;Projeto/proposta de pesquisa;Cartas de referência;CV;Proficiência em inglês,https://www.u-tokyo.ac.jp/en/prospective-students/fellowship.html,🇯🇵 Japão — ¥200.000/mês (doutorado). Selecionado na admissão
Hong Kong PhD Fellowship Scheme (HKPFS),Research Grants Council (Hong Kong),Doutorado,2026-12-01,3635,36,A fazer,Histórico;Projeto/proposta de pesquisa;Cartas de referência;CV;Proficiência em inglês,https://www.ugc.edu.hk/eng/rgc/funding_opport/hkpfs/,🇭🇰 Hong Kong — HK$28.400/mês + verba de viagem. Vale em HKU/HKUST/CUHK/CityU/PolyU… Prazo ~01/dez
HKU Postgraduate Studentship,University of Hong Kong,Mestrado e Doutorado,,2450,48,A fazer,Histórico;Projeto/proposta de pesquisa;Cartas de referência;CV;Proficiência em inglês,https://gradsch.hku.hk/,🇭🇰 Hong Kong — HK$19.135/mês. Automático na admissão (~dez)
HKUST Postgraduate Studentship,Hong Kong University of Science and Technology,Mestrado e Doutorado,,2450,48,A fazer,Histórico;Projeto/proposta de pesquisa;Cartas de referência;CV;Proficiência em inglês,https://fytgs.hkust.edu.hk/,🇭🇰 Hong Kong — HK$19.135/mês (2026/27). ~dez / rolling
CUHK Postgraduate Studentship,Chinese University of Hong Kong,Mestrado e Doutorado,,2450,48,A fazer,Histórico;Projeto/proposta de pesquisa;Cartas de referência;CV;Proficiência em inglês,https://www.gs.cuhk.edu.hk/,🇭🇰 Hong Kong — HK$19.100–19.600/mês. ~dez / rolling
Nanyang President's Graduate Scholarship (NPGS),Nanyang Technological University,Doutorado,2027-01-15,1800,48,A fazer,Histórico;Projeto/proposta de pesquisa;Cartas de referência;CV;Proficiência em inglês,https://www.ntu.edu.sg/admissions/graduate/financialmatters/scholarships/npgs,🇸🇬 Singapura — S$2.200→2.700/mês + propina. Ciclos ~jan e ~jul
SNU President Fellowship (SPF),Seoul National University,Doutorado,,1300,48,A fazer,Histórico;Projeto/proposta de pesquisa;Cartas de referência;CV;Proficiência em inglês,https://en.snu.ac.kr/admission/graduate/scholarships/before_application,"🇰🇷 Coreia — KRW 1,5–2 mi/mês + propina + passagem. Foca países em desenvolvimento (Brasil ok)"
POSTECH Graduate Scholarship (TA/RA),Pohang University of Science and Technology,Mestrado e Doutorado,,1600,48,A fazer,Histórico;Projeto/proposta de pesquisa;Cartas de referência;CV;Proficiência em inglês,https://www.postech.ac.kr/eng/,"🇰🇷 Coreia — até KRW 2,2 mi/mês (via TA/RA, varia) + propina + auxílio instalação"
KAIST International Graduate Scholarship,Korea Advanced Institute of Science and Technology,Mestrado e Doutorado,,1200,48,A fazer,Histórico;Projeto/proposta de pesquisa;Cartas de referência;CV;Proficiência em inglês,https://admission.kaist.ac.kr/intl-graduate/,"🇰🇷 Coreia — base + RA do laboratório (~US$1.000–1.500, varia) + propina + seguro"
Schwarzman Scholars (Tsinghua),"Schwarzman College, Tsinghua University",Mestrado,2026-09-24,1200,12,A fazer,Histórico;Projeto/proposta de pesquisa;Cartas de referência;CV;Proficiência em inglês,https://www.schwarzmanscholars.org/,"🇨🇳 China — mestrado 1 ano em Global Affairs, integralmente financiado + estipêndio. Até 29 anos. Prazo ~set"
MBZUAI Scholarship,Mohamed bin Zayed University of AI,Mestrado e Doutorado,2027-01-15,4765,48,A fazer,Histórico;Projeto/proposta de pesquisa;Cartas de referência;CV;Proficiência em inglês,https://mbzuai.ac.ae/study/graduate-admission-process/,"🇦🇪 EAU — mestrado AED 15.500/mês (~US$4.220), doutorado AED 17.500 (~US$4.765) + propina. Foco em IA. ~jan"
NYU Abu Dhabi Global PhD Fellowship,New York University Abu Dhabi,Doutorado,2026-12-10,2450,60,A fazer,Histórico;Projeto/proposta de pesquisa;Cartas de referência;CV;Proficiência em inglês,https://nyuad.nyu.edu/en/academics/graduate-and-phd/phd-programs.html,🇦🇪 EAU — estipêndio competitivo + moradia + viagem + propina. Prazo ~dez
Technion — PhD Fellowship,Technion – Israel Institute of Technology,Doutorado,,1900,54,A fazer,Histórico;Projeto/proposta de pesquisa;Cartas de referência;CV;Proficiência em inglês,https://graduate.technion.ac.il/en/,🇮🇱 Israel — ~NIS 6.000–8.000/mês (varia) + propina isenta. Rolling
Weizmann Institute — Feinberg PhD,Weizmann Institute of Science,Doutorado,,2430,54,A fazer,Histórico;Projeto/proposta de pesquisa;Cartas de referência;CV;Proficiência em inglês,https://www.weizmann.ac.il/feinberg/,🇮🇱 Israel — ~NIS 9.000/mês + sem propina. Ciclo principal ~inverno/primavera
Melbourne Research Scholarship,University of Melbourne,Mestrado e Doutorado,2026-10-31,2270,42,A fazer,Histórico;Projeto/proposta de pesquisa;Cartas de referência;CV;Proficiência em inglês,https://scholarships.unimelb.edu.au/awards/graduate-research-scholarships,🇦🇺 Austrália — AUD 39.500/ano + propina + realocação. Automático na admissão
UNSW Scientia PhD Scholarship,UNSW Sydney,Doutorado,2026-07-31,2875,48,A fazer,Histórico;Projeto/proposta de pesquisa;Cartas de referência;CV;Proficiência em inglês,https://www.scholarships.unsw.edu.au/,🇦🇺 Austrália — pacote até AUD 50.000/ano (bolsa + fundo de carreira). Baseado em projeto
University of Sydney RTP (Internacional),University of Sydney,Mestrado e Doutorado,2026-09-12,2460,42,A fazer,Histórico;Projeto/proposta de pesquisa;Cartas de referência;CV;Proficiência em inglês,https://www.sydney.edu.au/scholarships/,🇦🇺 Austrália — AUD 42.754/ano + propina + seguro. Round internacional ~set
ANU PhD / University Research Scholarship,Australian National University,Doutorado,2026-08-31,2245,48,A fazer,Histórico;Projeto/proposta de pesquisa;Cartas de referência;CV;Proficiência em inglês,https://study.anu.edu.au/scholarships/find-scholarship/anu-phd-scholarship,🇦🇺 Austrália — AUD 39.069/ano (isento) + isenção de propina. Rounds ~ago e ~out
UQ Graduate School Scholarship (UQGSS),University of Queensland,Mestrado e Doutorado,2026-09-30,2155,42,A fazer,Histórico;Projeto/proposta de pesquisa;Cartas de referência;CV;Proficiência em inglês,https://scholarships.uq.edu.au/,🇦🇺 Austrália — AUD 37.500/ano (isento) + propina + seguro. Vários rounds
Monash Graduate Scholarship (MGS),Monash University,Mestrado e Doutorado,2026-10-31,2135,42,A fazer,Histórico;Projeto/proposta de pesquisa;Cartas de referência;CV;Proficiência em inglês,https://www.monash.edu/graduate-research/study/scholarships,🇦🇺 Austrália — AUD 37.145/ano + auxílios. Rounds ~ago e ~out
Adelaide University Research Scholarship,University of Adelaide,Mestrado e Doutorado,2026-09-30,2100,42,A fazer,Histórico;Projeto/proposta de pesquisa;Cartas de referência;CV;Proficiência em inglês,https://www.adelaide.edu.au/graduate-research/scholarships,🇦🇺 Austrália — AUD 36.500/ano (isento) + propina + realocação
UWA HDR / RTP Stipend,University of Western Australia,Mestrado e Doutorado,2026-08-31,2190,42,A fazer,Histórico;Projeto/proposta de pesquisa;Cartas de referência;CV;Proficiência em inglês,https://www.uwa.edu.au/study/scholarships-and-fees/scholarships/hdr-scholarships,🇦🇺 Austrália — AUD 38.110/ano + propina + realocação. Round internacional ~ago
University of Auckland Doctoral Scholarship,University of Auckland,Doutorado,2026-11-01,1675,42,A fazer,Histórico;Projeto/proposta de pesquisa;Cartas de referência;CV;Proficiência em inglês,https://www.auckland.ac.nz/en/study/scholarships-and-awards.html,🇳🇿 Nova Zelândia — NZ$35.468/ano (isento) + propina. Rounds mar/jul/nov
University of Otago Doctoral Scholarship,University of Otago,Doutorado,2026-10-01,1590,36,A fazer,Histórico;Projeto/proposta de pesquisa;Cartas de referência;CV;Proficiência em inglês,https://www.otago.ac.nz/study/scholarships,🇳🇿 Nova Zelândia — NZ$33.624/ano + isenção de propina. Rounds trimestrais
Wellington Doctoral Scholarship,Victoria University of Wellington,Doutorado,2026-11-01,1510,36,A fazer,Histórico;Projeto/proposta de pesquisa;Cartas de referência;CV;Proficiência em inglês,https://www.wgtn.ac.nz/scholarships/current/wellington-doctoral-scholarships,🇳🇿 Nova Zelândia — NZ$32.000/ano + propina. 3 rounds/ano (~110 bolsas)
UC Doctoral Scholarship,University of Canterbury,Doutorado,2026-05-15,1545,36,A fazer,Histórico;Projeto/proposta de pesquisa;Cartas de referência;CV;Proficiência em inglês,https://www.canterbury.ac.nz/study/getting-started/scholarships/doctoral-scholarships/uc-doctoral-scholarships,🇳🇿 Nova Zelândia — NZ$32.650/ano (até 37.650 com top-up). Round de maio confirmado
Stellenbosch — Postgraduate Scholarship (PSP),Stellenbosch University,Mestrado e Doutorado,2026-10-31,741,36,A fazer,Histórico;Projeto/proposta de pesquisa;Cartas de referência;CV;Proficiência em inglês,https://www.su.ac.za/en/research/research-development/postgraduate-funding-office,"🌍 África do Sul — mestrado R140 mil/ano (~US$648), doutorado R160 mil/ano (~US$741). ABERTA a brasileiros. Abaixo de US$1.000, mas incluída por cobertura da África. ~set–out"
University of Pretoria — Doctoral Research Bursary,University of Pretoria,Doutorado,,625,48,A fazer,Histórico;Projeto/proposta de pesquisa;Cartas de referência;CV;Proficiência em inglês,https://www.up.ac.za/funding,🌍 África do Sul — R135 mil/ano (~US$625). Elegibilidade internacional parcial — confirmar. Cobertura da África
Mastercard Foundation Scholars Program,Mastercard Foundation (universidades africanas),Mestrado,,0,24,A fazer,Histórico;Projeto/proposta de pesquisa;Cartas de referência;CV;Proficiência em inglês,https://mastercardfdn.org/en/what-we-do/our-programs/mastercard-foundation-scholars-program/,"🌍 África — integralmente financiada (propina, moradia, estipêndio). ATENÇÃO: só para africanos (Brasil NÃO elegível). Listada para referência"
Pan African University (PAU),União Africana,Mestrado e Doutorado,,1100,36,A fazer,Histórico;Projeto/proposta de pesquisa;Cartas de referência;CV;Proficiência em inglês,https://pau-au.africa/admissions/scholarships,"🌍 África — doutorado US$1.100/mês, mestrado US$750 + propina. Só cidadãos da UA e diáspora africana (brasileiro de ascendência africana pode se qualificar). ~nov–dez"
Mitacs Globalink Research Internship,Mitacs (Canadá),Graduação/Verão,2026-09-22,1460,3,A fazer,CV;Histórico;Carta de motivação;Cartas de referência,https://www.mitacs.ca/our-programs/globalink-research-internship-students/,"🇨🇦 Canadá — estágio de pesquisa de verão (12 sem., ~CAD 6.000) p/ graduandos. ABERTO a brasileiros. Prazo ~set"
DAAD RISE Germany,DAAD (Alemanha),Graduação/Verão,2026-12-15,1000,3,A fazer,CV;Histórico;Carta de motivação;Cartas de referência,https://www.daad.de/rise/en/rise-germany/,🇩🇪 Alemanha — estágio de pesquisa de verão p/ graduandos (ciências); estipêndio ~€934/mês. Aberto às Américas. Prazo ~dez
Amgen Scholars Program,Amgen Foundation (EUA/Europa/Ásia),Graduação/Verão,2027-02-01,1500,2,A fazer,CV;Histórico;Carta de motivação;Cartas de referência,https://amgenscholars.com/,🌐 EUA/Europa/Japão — pesquisa de verão em ciências/biotech; estipêndio + moradia. Prazo ~fev
Caltech SURF,California Institute of Technology,Graduação/Verão,2027-02-15,1750,3,A fazer,CV;Histórico;Carta de motivação;Cartas de referência,https://sfp.caltech.edu/programs/surf,🇺🇸 EUA — Summer Undergraduate Research Fellowship (~US$7.000/10 sem.). Aberto a internacionais. Prazo ~fev
MIT MSRP,Massachusetts Institute of Technology,Graduação/Verão,2027-01-15,2000,2,A fazer,CV;Histórico;Carta de motivação;Cartas de referência,https://msrp.mit.edu/,🇺🇸 EUA — MIT Summer Research Program (~US$8.000 + viagem/moradia). Prazo ~jan
CERN Summer Student Programme,CERN (Suíça),Graduação/Verão,2027-01-31,2500,3,A fazer,CV;Histórico;Carta de motivação;Cartas de referência,https://careers.cern/summer,"🇨🇭 Suíça — estágio de verão em física/engenharia/computação, remunerado (~CHF 90/dia). Brasil é membro associado. Prazo ~jan"
Google Summer of Code (GSoC),Google,Graduação/Verão,2027-03-31,1500,3,A fazer,CV;Histórico;Carta de motivação;Cartas de referência,https://summerofcode.withgoogle.com/,🌐 Global/remoto — programa de código aberto remunerado (estipêndio por país). Aberto a brasileiros +18. Inscrições ~mar–abr
Obama Foundation Scholars,Obama Foundation (Columbia / U. Chicago),Fellowship,2026-12-01,2000,12,A fazer,CV;Histórico;Carta de motivação;Cartas de referência,https://www.obama.org/programs/scholars/,"🇺🇸 EUA — fellowship de 1 ano em liderança/impacto social (mestrado ou não-diploma), integralmente financiado. Prazo ~dez"
UWC — Bolsa integral de Ensino Médio (via Comitê UWC Brasil),United World Colleges (Comitê UWC Brasil),Ensino Médio,,0,24,A fazer,"Formulário online;Prova escrita (conteúdo + atualidades);Entrevista;Fim de semana de seleção em grupo",https://br.uwc.org/,"🌍 18 campi (Canadá/Pearson, Itália, Alemanha, EUA, Noruega…). TUDO PAGO: mensalidade, moradia, livros, provas IB, viagens, visto, PASSAGENS e dinheiro de bolso. Entra no IB aos ~16. Brasil tem comitê. Alvo: ciclo 2027/2028. Ver ENSINO_MEDIO.md"
Pearson College UWC (Canadá),Pearson College UWC,Ensino Médio,,0,24,A fazer,"Via Comitê UWC Brasil (mesmo processo do UWC)",https://www.pearsoncollege.ca/,"🇨🇦 Canadá — campus UWC em Victoria/BC. Bolsa integral (≥50% dos alunos). Candidatura pelo Comitê UWC Brasil. Alvo: ciclo 2027/2028"
Phillips Exeter Academy — Financial Aid (Ensino Médio),Phillips Exeter Academy,Ensino Médio,2027-01-15,0,36,A fazer,"SSAT (ou Duolingo);TOEFL/Duolingo;Ensaios;2-3 cartas de recomendação;Histórico;Entrevista;Formulário financeiro dos pais",https://exeter.edu/admissions/financial-aid/,"🇺🇸 EUA — colégio interno. Atende 100% da necessidade; família com renda < ~US$125 mil paga US$0. Entrada séries 9-11 (~14-16). Prazo ~15/jan (confirmar)"
Phillips Academy Andover — Financial Aid (Ensino Médio),Phillips Academy Andover,Ensino Médio,2027-01-15,0,36,A fazer,"SSAT (ou Duolingo);TOEFL/Duolingo;Ensaios;2-3 cartas de recomendação;Histórico;Entrevista;Formulário financeiro dos pais",https://www.andover.edu/admission/tuition-and-financial-aid,"🇺🇸 EUA — colégio interno. Need-blind p/ internacionais, atende 100% da necessidade; renda < ~US$125 mil paga US$0. Prazo ~15/jan (confirmar)"
ASSIST — Bolsa para colégios dos EUA,ASSIST (American Secondary Schools for Intl Students),Ensino Médio,2026-08-01,0,10,A fazer,"Candidatura;Comprovação de inglês;Histórico;Ensaios;Cartas de referência;Entrevista",https://www.assistscholars.org/en/location/other-countries/,"🇺🇸 EUA — séries 9-11, notas A/B. ⚠️ Sem escritório no Brasil a família costuma pagar ~US$20 mil — confirmar antes se há placement de custo reduzido. Ciclo 2027-28 abre ~jul/ago 2026"
Technovation Girls (Junior 13-15),Technovation,Ensino Médio,,0,6,A fazer,Inscrição online;Equipe;Ideia de app/projeto (com mentoria),https://www.technovationbrasil.org/,"🌍 Global/Brasil — GRÁTIS. Meninas 8-18 (Junior 13-15). STEM + empreendedorismo, online+local; viagem paga p/ finalistas globais. ✅ PODE COMEÇAR AGORA aos 14. Inscrições ~set-out"
English Access Microscholarship,Depto de Estado dos EUA (via Brasil),Ensino Médio,,0,12,A fazer,Inscrição no centro binacional/embaixada local,https://exchanges.state.gov/non-us/program/english-access-microscholarship-program,"🇧🇷 No Brasil — GRÁTIS. Inglês + liderança (13-20 anos), sem viagem. Inscrição local por cidade/escola parceira. ✅ Aos 14 já pode"
PASCH Jugendkurs (Goethe-Institut),Goethe-Institut,Ensino Médio,,0,1,A fazer,Ser aluna de escola PASCH/Fit ou da rede Goethe;Seleção,https://www.goethe.de/ins/br/pt/unt/afs/akt/juk.html,"🇩🇪 Alemanha, 4 semanas — TUDO PAGO (voos, hospedagem, curso). 14-18. ⚠️ Só p/ alunas de escolas PASCH/rede Goethe (alemão). ✅ Aos 14 se estiver na rede"
AFS Global STEM (Innovators/Academies),AFS Brasil,Ensino Médio,2027-03-15,0,6,A fazer,Boas notas em STEM (média min. 7);Inscrição;Ensaios,https://www.afs.org.br/,🌐 China/Egito/Índia + online — bolsa integral (100%). 15-17 anos. Prazo Innovators ~15/mar. 🔜 Preparar para os 15
Rotary Youth Exchange (longo prazo),Rotary International,Ensino Médio,,0,10,A fazer,Patrocínio de um clube Rotary local;Inscrição pelo distrito,https://www.rotary.org/pt/our-programs/youth-exchanges,🌐 Vários países — quase grátis: família anfitriã + escola cobertas; família paga passagem/seguro/mesada. 15-17. Procurar um clube Rotary ~1 ano antes. 🔜 Aos 15
Jovens Embaixadores (Embaixada dos EUA),Embaixada dos EUA no Brasil,Ensino Médio,,0,1,A fazer,Escola pública;Baixa renda;Inglês;Histórico de serviço comunitário;Nunca ter ido aos EUA,https://jovensembaixadores.org.br/,"🇺🇸 EUA, 3 semanas — TUDO PAGO pelo governo dos EUA. 15-18 anos. ⚠️ Só escola pública + baixa renda + brasileira. Inscrições ~jun-set. 🔜 Aos 15"
Hubert H. Humphrey Fellowship,Depto de Estado dos EUA / Fulbright Brasil,Fellowship,2026-08-11,2000,10,A fazer,Experiência profissional (5+ anos);Statement of purpose;Cartas de referência;TOEFL,https://fulbright.org.br/,"🇺🇸 EUA — profissionais de meio de carreira (5+ anos). Integral (propina, viagem, seguro) + estipêndio + CURSO DE INGLÊS. Enquadrar como tecnologia/política de dados. Prazo 11/08/2026 ⚠️"
FPU — Contrato Predoutoral (Espanha),Ministerio de Universidades (Espanha),Doutorado,,1404,48,A fazer,Plano/pré-projeto de pesquisa;CV;Cartas de referência;Diploma apostilado;Admissão no programa,https://www.universidades.gob.es/,🇪🇸 Espanha — ~€1.300/mês (contrato 4 anos). Exige mestrado + admissão em doutorado + nota media convertida. Espanhol. Convocatória ~nov-dez
"FPI / Ayudas Predoctorales (AEI, Espanha)",Agencia Estatal de Investigación,Doutorado,,1404,48,A fazer,Plano/pré-projeto de pesquisa;CV;Cartas de referência;Diploma apostilado;Admissão no programa,https://www.aei.gob.es/,"🇪🇸 Espanha — ~€1.200-1.300/mês, ligado a projeto/PI. Exige mestrado + admissão. Espanhol"
Borsa di Dottorato (Itália),Universidades italianas (MUR),Doutorado,,1400,36,A fazer,Plano/pré-projeto de pesquisa;CV;Cartas de referência;Diploma apostilado;Admissão no programa,https://www.unipd.it/,🇮🇹 Itália — ~€1.300-1.350/mês (mín. €16.243/ano) + isenção de propina. Aplicar só em vagas 'con borsa'. Padova/Sapienza/Bologna/Bicocca fortes em Psicologia. Bandi ~abr-jul. Italiano/inglês
Mestrado financiado via DSU (Itália),Regiões italianas (DSU / diritto allo studio),Mestrado,,550,24,A fazer,Diploma apostilado + Dichiarazione di Valore/CIMEA;ISEE-parificato (renda);CV;Carta de motivação,https://www.er-go.it/,🇮🇹 Itália — laurea magistrale com isenção de propina + auxílio (~€5-7 mil/ano) + moradia/refeição via DSU (renda baixa via ISEE-parificato). Um dos poucos mestrados PAGOS na Europa. Italiano B2. Candidatura ~jul-set
CONICET — Becas Internas Doctorales (Argentina),CONICET,Doutorado,2026-08-21,900,60,A fazer,Plano/pré-projeto de pesquisa;CV;Cartas de referência;Diploma apostilado;Admissão no programa,https://convocatorias.conicet.gov.ar/becas/,"🇦🇷 Argentina — ARS 1,1-1,4 mi/mês (~US$850-1.150, volátil). Só DOUTORADO. Aberto a estrangeiros (cuida da própria imigração; não paga passagem). Exige diretor + admissão. Convocatória ~27/jul-21/ago, início 01/04/2027. Espanhol"
ANID — Beca de Doctorado Nacional (Chile),ANID,Doutorado,,684,48,A fazer,Formulário;CV;Passaporte;Carta de aceitação em doutorado acreditado;Duas cartas de recomendação;Título apostilado,https://anid.cl/capital-humano-2/,🇨🇱 Chile — manutenção ~CLP 650 mil/mês (~US$684) + PROPINA/matrícula cobertas + saúde + bônus OEA US$1.200 p/ brasileiros. O MAIS aberto a estrangeiros ('con o sin permanencia'). Só doutorado. Convocatória ~set-nov (alinha com formatura dez/2026). Espanhol
SECIHTI (ex-CONACYT) — Becas de Posgrado (México),SECIHTI / SNP,Mestrado e Doutorado,,944,24,A fazer,Plano/pré-projeto de pesquisa;CV;Cartas de referência;Diploma apostilado;Admissão no programa,https://secihti.mx/becas-nacionales/,"🇲🇽 México — maestría MX$16.048/mês (~US$944), doutorado MX$21.397 (~US$1.259). Financia MESTRADO (raro!). Exige admissão em programa SNP + residência legal no México. Espanhol. Convocatória ~fev-nov"
Australia Work and Holiday (subclass 462),Governo da Austrália,Graduação/Verão,,0,12,A fazer,CV;Comprovação de inglês;Passaporte;Documentos do programa,https://immi.homeaffairs.gov.au/visas/getting-a-visa/visa-listing/work-holiday-462,"🇦🇺 Austrália — visto trabalho+férias 12 meses: imersão em inglês TRABALHANDO. 18-30, Brasil elegível. Custo ~AUD 635 + comprovar ~AUD 5.000 (seu dinheiro). Você trabalha e recupera. Melhor opção 'ganha enquanto aprende'"
Au Pair nos EUA (J-1),"Programas J-1 (Cultural Care, AuPairCare…)",Graduação/Verão,,850,12,A fazer,Inglês falado;200h de experiência com crianças;Exame médico;Passaporte,https://j1visa.state.gov/programs/au-pair,"🇺🇸 EUA — au pair 12 meses: quarto+comida grátis + US$195,75/semana + US$500 p/ estudo. Imersão em inglês. Idade 18-26. Exige 200h de experiência com crianças. Bom p/ Daniela (se ≤26)"
AIESEC Global Talent,AIESEC,Graduação/Verão,,0,6,A fazer,CV;Comprovação de inglês;Passaporte;Documentos do programa,https://aiesec.org/global-talent,🌐 Estágio profissional REMUNERADO no exterior (3-18 meses). 18-30 + ~3 meses de experiência + inglês. Escolha país anglófono p/ imersão. Ótimo p/ dados/TI (Maria Eduarda/Rafael)
IAESTE — Estágio técnico remunerado,IAESTE,Graduação/Verão,,0,3,A fazer,CV;Comprovação de inglês;Passaporte;Documentos do programa,https://iaeste.org/member-countries/brazil,"🌐 Estágio técnico remunerado (auxílio cobre moradia/comida), 8-12 semanas. Só STEM/técnico (dados/TI). Geralmente exige matrícula ativa"
UN Volunteers — Voluntário Internacional (UNV),Programa de Voluntários da ONU,Trabalho/Voluntariado,,3000,12,A fazer,CV no talent pool da UNV;Diploma;~2 anos de experiência;Inglês (às vezes francês/espanhol),https://www.unv.org/become-volunteer,🌐 Voluntariado que PAGA: auxílio de subsistência ~US$2.500-4.500/mês + instalação + seguro + viagem. Idade mín. 25 + diploma + ~2 anos de experiência. Rolling (perfil no talent pool)
Irlanda — Critical Skills Permit (Data Analyst),Governo da Irlanda,Trabalho/Voluntariado,,3700,24,A fazer,Oferta de emprego irlandesa;Diploma;Salário mín. €40.904,https://enterprise.gov.ie/en/what-we-do/workplace-and-skills/employment-permits/permit-types/critical-skills-employment-permit/,🇮🇪 Irlanda — analista de dados na lista 2026. Emprego qualificado (salário €40.904+) + caminho para residência. Inglês nativo. Precisa de oferta de emprego. Rolling
Alemanha — Opportunity Card → EU Blue Card,Governo da Alemanha,Trabalho/Voluntariado,,4140,12,A fazer,Diploma reconhecido;≥6 pontos;Inglês B2 (aceito);Comprovante de fundos ~€1.091/mês,https://www.make-it-in-germany.com/en/visa-residence/types/opportunity-card,"🇩🇪 Alemanha — Opportunity Card (busca de emprego 1 ano, trabalha meio período) → Blue Card salariada. Analista de dados = ocupação em falta (limite €45.934/ano). Sem limite de idade. B2 inglês aceito"
Nova Zelândia — Working Holiday Visa (Brasil),Immigration New Zealand,Trabalho/Voluntariado,,0,12,A fazer,18-30;Ensino superior;Comprovante de fundos;Antecedentes,https://www.immigration.govt.nz/visas/brazil-working-holiday-visa/,"🇳🇿 Nova Zelândia — trabalho+férias 12 meses, inglês nativo. 18-30, Brasil elegível. ⚠️ Só 300 vagas/ano, esgota em horas — monitorar a reabertura"
VSO — Voluntariado para o Desenvolvimento,VSO International,Trabalho/Voluntariado,,0,12,A fazer,Perfil profissional (dados/analytics é relevante);Inscrição por vaga,https://www.vsointernational.org/volunteering,🌐 Voluntariado com AUXÍLIO (não salário): ajuda de custo local + moradia + voos + seguro. Valoriza competências de dados. Rolling por vaga
Holanda — Orientation Year (zoekjaar),Governo da Holanda (IND),Trabalho/Voluntariado,,0,12,A fazer,Formatura recente (≤3 anos) de universidade holandesa OU top-200 mundial;Taxa €254,https://ind.nl/en/residence-permits/work/residence-permit-for-orientation-year,🇳🇱 Holanda — 1 ano de acesso livre ao mercado (qualquer emprego). ⚠️ Só se a universidade for top-200 (USP/UNICAMP às vezes). Confirmar ranking na data da formatura
Champalimaud — International Neuroscience Doctoral Programme (INDP),Champalimaud Foundation (Lisboa),Doutorado,2027-02-04,1600,66,A fazer,CV;Histórico;Carta de motivação;Cartas de referência;Inglês,https://fchampalimaud.org/champalimaud-research/education/indp,"🇵🇹 Portugal (Lisboa) — doutorado em NEUROCIÊNCIA integralmente financiado: €1.484/mês (ano 1) → €1.669 + propina + laptop €1.400 + viagem anual + seguro. Até 5,5 anos. Inglês. Aberto a todas as nacionalidades. Próximo ciclo ~dez/2026-fev/2027 (confirmar)"
SISSA — PhD em Neurociência Cognitiva / Neurobiologia,SISSA (Trieste),Doutorado,,1800,48,A fazer,CV;Histórico;Carta de motivação;Cartas de referência;Inglês,https://www.sissa.it/phd-admission,"🇮🇹 Itália (Trieste) — doutorado em Neurociência Cognitiva/Neurobiologia, ~€20.037/ano (~€1.670/mês), sem propina, 3-4 anos. Inglês. Sem restrição de nacionalidade. Um dos melhores da Europa"
Anthropic Fellows Program (segurança em IA),Anthropic,Fellowship,,16670,4,A fazer,Programar bem em Python;Interesse em pesquisa de segurança em IA;Aplicação + avaliações técnicas,https://alignment.anthropic.com/2025/anthropic-fellows-program-2026/,"🇺🇸🇬🇧🇨🇦 IA — estipêndio US$3.850/semana (~US$61,6k em 4 meses) + ~US$15k/mês de computação + mentoria (valor total >US$85k). ⚠️ EXIGE autorização de trabalho e residência nos EUA/UK/Canadá. Coortes maio e julho. Rolling"
MATS — ML Alignment & Theory Scholars,MATS Program,Fellowship,,5400,3,A fazer,Base técnica (Python);Interesse em alinhamento/segurança de IA;Escolher mentores,https://www.matsprogram.org/apply,"🌐 IA — estipêndio ~US$1.250/semana (~US$12,5k em 10 semanas) + apoio de VISTO J1 (acessível a brasileiros!). Remoto caso a caso. Aberto a quem migra para alinhamento. Coortes ao longo do ano"
Cohere Labs — Scholars Program,Cohere Labs (Cohere For AI),Fellowship,,0,8,A fazer,Forte base de engenharia (open source/portfólio);NÃO exige artigos publicados;Aplicação,https://cohere.com/research/scholars-program,"🌐 IA — posição REMOTA, tempo integral, REMUNERADA (8 meses, começa em jan). ✅ 100% remoto (sem visto), aberto a fortes engenheiros SEM papers — ótimo p/ profissional de dados migrando p/ IA. Não patrocina visto/mudança. Inscrições ~ago"
Factored — ML/GenAI Residency (remoto),Factored (co-fundada por Andrew Ng),Trabalho/Voluntariado,,0,4,A fazer,CV;Aplicação online;Comprovações do programa,https://factored.ai/,"🌐 IA — residência REMUNERADA e REMOTA (12-16 sem.), feita para talento da América Latina (Brasil no escopo). Para engenheiros experientes. Sem visto. Rolling"
CIP Research Fellowship (remoto),Collective Intelligence Project,Fellowship,,1500,6,A fazer,CV;Aplicação online;Comprovações do programa,https://www.cip.org/research-fellowship,"🌐 IA/governança — US$9.000/6 meses (~5-10h/sem), 100% remoto, internacional. Para pesquisadores independentes com experiência. Próximo ciclo ~2027 (confirmar)"
Long-Term Future Fund (LTFF) — Grant,EA Funds / LTFF,Fellowship,,0,12,A fazer,CV;Aplicação online;Comprovações do programa,https://funds.effectivealtruism.org/funds/far-future,"🌐 IA — grant (mediana ~US$25 mil) para financiar sua própria transição/upskilling/pesquisa em IA. Internacional, remoto. Rolling — aplicar a qualquer hora"
Vagas remotas de Dados/IA (Toptal/Braintrust/Upwork/Turing),Plataformas de trabalho remoto,Trabalho/Voluntariado,,8000,12,A fazer,CV;Aplicação online;Comprovações do programa,https://www.usebraintrust.com/,🌐 Renda em USD trabalhando remoto do Brasil — sênior de dados/ML costuma US$8-15 mil/mês. Braintrust não cobra taxa. Rolling. Alavanca imediata de renda
AWS AI & ML Scholars (Udacity),Amazon Web Services / Udacity,Graduação/Verão,,0,6,A fazer,CV;Aplicação online;Comprovações do programa,https://aws.amazon.com/about-aws/our-impact/scholars/,🌐 GRÁTIS — treino + bolsa de Nanodegree Udacity (top ~4.500) + prep p/ certificação AWS AI Practitioner. Global. Próxima turma ~2027
Google Developer Experts (ML/IA/Cloud),Google,Fellowship,,0,12,A fazer,CV;Aplicação online;Comprovações do programa,https://developers.google.com/community/experts,"🌐 Reconhecimento (grátis): rede global, acesso antecipado, palco em eventos. Para quem tem experiência + produz conteúdo/comunidade. Encaixa nos seus 18 anos"
França — Working Holiday (PVT),Governo da França,Trabalho/Voluntariado,,0,12,A fazer,Passaporte;~€2.500 em conta;Seguro;Passagem,https://france-visas.gouv.fr/en/jeunes-voyageurs,"🇫🇷 França — visto 1 ano, pode trabalhar para se manter. 18 até véspera dos 31 (Maria Eduarda ✅). Autofinanciado (~€2.500) + trabalho casual. Cota anual"
Alemanha — Working Holiday Visum,Governo da Alemanha,Trabalho/Voluntariado,,0,12,A fazer,Passaporte;~€2.000;Seguro,https://www.auswaertiges-amt.de/,🇩🇪 Alemanha — visto 1 ano trabalha para bancar a viagem. 18-30 (até véspera dos 31). Autofinanciado (~€2.000). Bom mercado em Berlim
Coreia do Sul — Working Holiday (H-1),Governo da Coreia do Sul,Trabalho/Voluntariado,,0,12,A fazer,Passaporte;~US$2.300 em conta;Seguro;Antecedentes,https://www.immigration.go.kr/,🇰🇷 Coreia — visto 1 ano. 18-30. Autofinanciado (~US$2.300). Muita demanda por ensino de inglês + trabalho casual
Portugal — Visto D8 (Nômade Digital),Governo de Portugal,Trabalho/Voluntariado,,0,12,A fazer,Renda remota €3.680/mês;~€11 mil poupança;Contrato de aluguel,https://vistos.mne.gov.pt/,🇵🇹 Portugal — mora e trabalha REMOTO para empregador estrangeiro. Exige renda própria ~€3.680/mês. Sem limite de idade. Caminho para residência
Espanha — Visto de Nômade Digital,Governo da Espanha,Trabalho/Voluntariado,,0,12,A fazer,Renda remota ~€2.849/mês;Seguro,https://citizenremote.com/visas/spain-digital-nomad-visa/,"🇪🇸 Espanha — nômade digital, menor exigência de renda da UE (~€2.849/mês). Renovável até 5 anos → residência. Sem limite de idade"
Fulbright FLTA — Ensinar Português nos EUA,Comissão Fulbright Brasil,Fellowship,,800,10,A fazer,Bacharelado;Inglês;Aptidão para ensino;Nomeação Fulbright Brasil,https://foreign.fulbrightonline.org/about/flta-program,"🇺🇸 EUA — FINANCIADO: passagem + estipêndio (~US$500-1.000/mês) + moradia + seguro, ensinando português numa universidade dos EUA (9-10 meses). Português nativo é a qualificação (não precisa Letras). Imersão total em inglês"
Camphill Communities (voluntariado com auxílio),Camphill (UK/Irlanda/Europa/EUA),Trabalho/Voluntariado,,0,12,A fazer,Inscrição por comunidade,http://www.camphill.org.uk/recruitment/volunteer-info/,🌐 Voluntariado morando junto (pessoas com deficiência): quarto + comida + essenciais + pequena ajuda mensal. Sem limite de idade. Imersão em inglês (UK/Irlanda)
US Graduate Assistantship (Mestrado com trabalho),Universidades dos EUA,Mestrado,,1800,24,A fazer,Admissão no mestrado;CV;Histórico;Cartas;TOEFL/IELTS/GRE,https://www.usf.edu/admissions/international/,🇺🇸 EUA — mestrado (ex.: Data Science/Estatística) com isenção de propina + estipêndio + seguro em troca de ~20h/sem de trabalho no campus (legal no visto F-1). Sem limite de idade. Prazos de bolsa ~mar/set
Neurasmus — Erasmus Mundus em Neurociência,"Consórcio (Bordeaux, Amsterdam, Berlim, Göttingen, Coimbra, Laval)",Mestrado,2027-01-15,1520,24,A fazer,CV;Projeto de pesquisa;Cartas de referência;Histórico;Proficiência no idioma,https://www.neurasmus.u-bordeaux.fr/,🌍 Mestrado em NEUROCIÊNCIA integral (€1.400/mês + propina + seguro). ✅ ACEITA BACHARELADO. Inglês. Brasileiros elegíveis. Próximo ciclo ~out/2026-jan/2027
Master in Neuroscience — IN Alicante (UMH-CSIC),"Instituto de Neurociencias, Alicante",Mestrado,,864,24,A fazer,CV;Projeto de pesquisa;Cartas de referência;Histórico;Proficiência no idioma,https://in.umh-csic.es/en/,🇪🇸 Espanha — mestrado em neurociência (inglês). Bolsas internacionais: propina + €800/mês + realocação. ✅ ACEITA BACHARELADO. Feeder p/ doutorado Severo Ochoa. Chamada ~mar-mai
PhD em Neurociência — IIT (Itália),Istituto Italiano di Tecnologia (Génova),Doutorado,,1400,36,A fazer,CV;Projeto de pesquisa;Cartas de referência;Histórico;Proficiência no idioma,https://www.iit.it/phd,"🇮🇹 Itália — doutorado em neurociência integral (~€1.300/mês, sem propina). Inglês. Internacional. Exige mestrado. Chamada ~primavera"
Maestría/Doctorado en Neurobiología — UNAM,"Instituto de Neurobiología, UNAM",Mestrado e Doutorado,,944,24,A fazer,CV;Projeto de pesquisa;Cartas de referência;Histórico;Proficiência no idioma,https://maestria.inb.unam.mx/,"🇲🇽 México — 100% de bolsa para estrangeiros admitidos (maestría ~US$944, doctorado ~US$1.259). Espanhol. Mestrado ✅ ACEITA BACHARELADO. Ingressos ago e fev"
Doctorado/Maestría en Neurociencia — Uniandes,Universidad de los Andes (Bogotá),Mestrado e Doutorado,,700,48,A fazer,CV;Projeto de pesquisa;Cartas de referência;Histórico;Proficiência no idioma,https://apoyofinanciero.uniandes.edu.co/doctorado,🇨🇴 Colômbia — doutorado: 100% propina + manutenção ~4 salários mínimos/mês (fundo institucional). ✅ Doutorado costuma ACEITAR BACHAREL. Espanhol. 2 ingressos/ano
USP — Doutorado Direto em Neurociências e Comportamento (NEC),USP - Instituto de Psicologia,Doutorado,,913,60,A fazer,CV;Projeto de pesquisa;Cartas de referência;Histórico;Proficiência no idioma,https://www.ip.usp.br/site/doutoradoedoutoradodiret-nec/,🇧🇷 SP — ✅ DOUTORADO DIRETO (só bacharelado). Sem propina + bolsa R$3.100 (CAPES) ou ~R$4.930 (FAPESP). Editais ~ago-set e fev-mar
USP-FMRP — Doutorado Direto em Neurologia/Neurociências,USP - Fac. de Medicina de Ribeirão Preto,Doutorado,,574,60,A fazer,CV;Projeto de pesquisa;Cartas de referência;Histórico;Proficiência no idioma,https://pgneuro.fmrp.usp.br/,🇧🇷 SP — ✅ DOUTORADO DIRETO. Sem propina + R$3.100 (ou FAPESP maior). Janelas ao longo do ano
UNIFESP — Doutorado Direto em Psicobiologia,UNIFESP - Escola Paulista de Medicina,Doutorado,,574,48,A fazer,CV;Projeto de pesquisa;Cartas de referência;Histórico;Proficiência no idioma,https://ppg.unifesp.br/psicobiologia/,"🇧🇷 SP — ✅ DOUTORADO DIRETO (com ou sem mestrado), FLUXO CONTÍNUO (aplica o ano todo). Sem propina + R$3.100. Referência em sono/neuro"
UFRN — Doutorado em Neurociências (Instituto do Cérebro),UFRN - Instituto do Cérebro (Natal),Doutorado,2026-08-06,574,48,A fazer,CV;Projeto de pesquisa;Cartas de referência;Histórico;Proficiência no idioma,https://neuro.ufrn.br/pgneuro/,🇧🇷 RN — instituto de referência. Sem propina + R$3.100. ⚠️ DOUTORADO ABERTO ATÉ 06/08/2026 (ingresso out/2026). Confirmar cláusula de doutorado direto no edital
UFRJ — Doutorado Direto em Biofísica (IBCCF),UFRJ - Instituto de Biofísica Carlos Chagas Filho,Doutorado,,574,48,A fazer,CV;Projeto;Prova de inglês;Prova de Biologia;Cartas,https://ppgbiofisica.biof.ufrj.br/,🇧🇷 RJ — ✅ DOUTORADO DIRETO (Edital 918). Sem propina + R$3.100 (ou FAPERJ). Neurobiologia. Seleção ~nov
UFMG — Doutorado em Neurociências (ICB),UFMG - Instituto de Ciências Biológicas,Doutorado,,574,48,A fazer,CV;Projeto de pesquisa;Cartas de referência;Histórico;Proficiência no idioma,https://neurociencias.icb.ufmg.br/processo-seletivo/,"🇧🇷 MG — doutorado em neurociências, fluxo com ~2 chamadas/ano. Sem propina + R$3.100. 1ª chamada ~jan-fev. Confirmar doutorado direto no edital"
Girls Who Code — Pathways,Girls Who Code,Ensino Médio,,0,3,A fazer,Inscrição online;Autorização dos pais (menor),https://girlswhocode.com/programs,"🌐 GRÁTIS, 100% online, 14-18. Prep de carreira em tech + mentoria. Brasileiras elegíveis. Turmas ~jun e ~out"
Kode With Klossy — Camp,Kode With Klossy,Ensino Médio,,0,1,A fazer,Inscrição online;Autorização dos pais (menor),https://www.kodewithklossy.com/camp,"🌐 GRÁTIS, 13-18. Camp intensivo de código (web, dados, IA), virtual global. Inscrições ~jan-fev p/ verão"
NASA International Space Apps Challenge,NASA,Ensino Médio,2026-11-14,0,1,A fazer,Inscrição online;Autorização dos pais (menor),https://www.spaceappschallenge.org/,🌐 GRÁTIS — hackathon global de 48h com dados reais da NASA. Todas as idades (menor com responsável). Evento 14-15/nov/2026. Brasil sedia
FIRST Global Challenge (robótica),FIRST Global,Ensino Médio,,0,1,A fazer,Inscrição online;Autorização dos pais (menor),https://first.global/fgc/,"🌐 Robótica estilo olimpíada, 14-18, Team Brazil. Finais 2026 na Coreia (out). Seleção pela organização nacional"
OBMEP / OBM — Olimpíadas de Matemática (pipeline),OBMEP / SBM,Ensino Médio,,0,1,A fazer,Inscrição pela escola,https://www.obmep.org.br/,🇧🇷 GRÁTIS — porta de entrada FINANCIADA (bolsas CNPq de iniciação) e caminho para EGMO/IMO. ✅ Começar JÁ aos 14 (forte em matemática)
Chinese Bridge — Camps (Mandarim),Institutos Confúcio,Ensino Médio,,0,1,A fazer,Inscrição pelo Instituto Confúcio local,https://www.chineseplus.net/,🌐 China — camps de verão/inverno com custos no local financiados (participante paga passagem). Vários aceitam 14+. Via Instituto Confúcio no Brasil. ~mar-abr
Yale Young Global Scholars (YYGS),Yale University,Ensino Médio,2027-01-07,0,1,A fazer,Inscrição online;Autorização dos pais (menor),https://globalscholars.yale.edu/,"🇺🇸 EUA — programa acadêmico de 2 semanas, bolsa por necessidade até 100% (às vezes viagem). ⚠️ 16-18 — 🔜 preparar p/ ~2 anos. Prazo ~jan"
Stanford Summer / Pre-Collegiate,Stanford University,Ensino Médio,,0,1,A fazer,Inscrição online;Autorização dos pais (menor),https://summer.stanford.edu/,🇺🇸 EUA — cursos de verão com auxílio financeiro p/ internacionais (raro!). Geralmente 16+ (Clinical Anatomy aceita 15). 🔜 preparar
