instituicao,ppg,nota_capes,prazo,link,email,explicacao,area,data_inicio_estimada,data_maxima_estimada
UFBA,Psicologia,5,Jun-Jul/2026 (verificar),https://ppgpsi.ufba.br,pospsi@ufba.br (secretaria; coord. Prof. Leonardo Barros — leonardobarros@ufba.br),"Nota CAPES 5. Linhas de pesquisa: Psicologia do Desenvolvimento; Psicologia Social e do Trabalho. Melhor encaixe: Daniela — encaixe parcial (foco em desenvolvimento/social, não clínica).",Psicologia,2026-06-01,2026-07-31
UFPE,Psicologia Cognitiva,6,Jun-Jul/2026 (verificar),https://www.ufpe.br/ppg-psicologia-cognitiva,selecao.ppgpsi@ufpe.br,"Nota CAPES 6. Linhas de pesquisa: Processos Cognitivos Básicos e Complexos; linguagem, leitura e escrita. Melhor encaixe: Daniela — não é o melhor encaixe (cognição básica, não clínica).",Psicologia,2026-06-01,2026-07-31
UFC,Psicologia,5,Jun-Jul/2026 (verificar),https://ppgp.ufc.br,pospsi@ufc.br,Nota CAPES 5. Linhas de pesquisa: Teorias e Práticas da Psicanálise; Sujeito e Cultura; Processos Psicossociais. Melhor encaixe: Daniela — bom encaixe parcial via Psicanálise clínica.,Psicologia,2026-06-01,2026-07-31
USP (IP),Psicologia Clínica,6,Set-Nov/2026,https://www.ip.usp.br/pos-graduacao/psicologia-clinica,ippsc@usp.br / cpgip@usp.br,"Nota CAPES 6. Linhas de pesquisa: Investigações em Psicanálise; Intervenções clínicas em saúde mental; Psicanálise, trauma e vincularidades. Melhor encaixe: Daniela — bom encaixe via Intervenções clínicas em saúde mental.",Psicologia,2026-09-01,2026-11-30
USP (IP),Psicologia Experimental,7,Set-Nov/2026,https://www.ip.usp.br/pos-graduacao/psicologia-experimental,cpppse@usp.br / cpgip@usp.br,"Nota CAPES 7. Linhas de pesquisa: Análise do Comportamento; Sensação, Percepção e Cognição. Melhor encaixe: Daniela — não é o melhor encaixe (experimental/cognição básica).",Psicologia,2026-09-01,2026-11-30
USP (IP),Psicologia Escolar e do Desenvolvimento Humano,7,Set-Nov/2026,https://www.ip.usp.br/pos-graduacao/psicologia-escolar,cacpsa@usp.br,Nota CAPES 7. Linhas de pesquisa: Desenvolvimento e Aprendizagem; Psicologia Escolar e Políticas Públicas. Melhor encaixe: Daniela — não é o melhor encaixe (foco escolar/institucional).,Psicologia,2026-09-01,2026-11-30
USP (FFCLRP),Psicologia,7,Set-Nov/2026,https://www.ffclrp.usp.br/pos/psicologia,posgraduacao.psicologia@ffclrp.usp.br,Nota CAPES 7. Linhas de pesquisa: Área 1: Psicologia da Saúde e do Desenvolvimento (núcleo NEPPS/LaPICC cognitivo-comportamental); Área 2: Processos Culturais. Melhor encaixe: Daniela — bom encaixe via Área 1 (Saúde/cognitivo-comportamental).,Psicologia,2026-09-01,2026-11-30
USP (FFCLRP),Psicobiologia,6,Set-Nov/2026,https://www.ffclrp.usp.br/pos/psicobiologia,pgpsicobiologia@listas.ffclrp.usp.br,Nota CAPES 6. Linhas de pesquisa: Psicofarmacologia; Psicofísica; Neurofisiologia; Neurociências e Comportamento. Melhor encaixe: Daniela — não é o melhor encaixe (neurociência básica).,Psicologia,2026-09-01,2026-11-30
UNICAMP,Psicologia,4,Ago-Out/2026,https://www.pg.unicamp.br/psicologia,não encontrado — consultar secretaria do programa,Nota CAPES 4. Linhas de pesquisa não confirmadas nesta rodada — consultar site oficial. Melhor encaixe: Daniela — não confirmado; priorizar outras opções.,Psicologia,2026-08-01,2026-10-31
UFRJ (IP),Psicologia,6,Set-Nov/2026,https://ppgp.psicologia.ufrj.br,secretariapos2011@gmail.com (coord. Prof. Pedro Paulo Pires),"Nota CAPES 6. Linhas de pesquisa: Cognição, Desenvolvimento e Subjetividade; Subjetividade, Cultura e Práticas Clínicas. Melhor encaixe: Daniela — bom encaixe via Subjetividade, Cultura e Práticas Clínicas.",Psicologia,2026-09-01,2026-11-30
UFRJ,Psicobiologia,5,Set-Nov/2026,https://www.ppgpsicobiologia.biof.ufrj.br,não encontrado — consultar secretaria do programa,Nota CAPES 5. Linhas de pesquisa não confirmadas nesta rodada — consultar site oficial. Melhor encaixe: Daniela — não é o melhor encaixe (neurociência biológica básica).,Psicologia,2026-09-01,2026-11-30
UFMG,Psicologia: Cognição e Comportamento,7,Ago-Out/2026,https://www.fafich.ufmg.br/ppgpsicologia,ppg.psi.cogcom@gmail.com,"Nota CAPES 7. Linhas de pesquisa: Cognição, comportamento e processos psicológicos básicos. Melhor encaixe: Daniela — não é o melhor encaixe (pouca ênfase clínica).",Psicologia,2026-08-01,2026-10-31
UFMG,Neurociências,7,Ago-Out/2026,https://www.icb.ufmg.br/pos/neurociencias,coordpgneuro@icb.ufmg.br / posgn@icb.ufmg.br,Nota CAPES 7. Linhas de pesquisa não confirmadas nesta rodada — consultar site oficial. Melhor encaixe: Daniela — bom encaixe parcial se houver linha clínica/comportamental; confirmar.,Psicologia,2026-08-01,2026-10-31
UnB,Psicologia Clínica e Cultura,5,Ago-Out/2026,https://ppgpsicc.unb.br,secpsicc@unb.br,Nota CAPES 5. Linhas de pesquisa: Fundamentos da psicanálise clínica/cultura; psicodiagnóstico; Saúde Mental. Melhor encaixe: Daniela — bom encaixe via Saúde Mental/psicodiagnóstico.,Psicologia,2026-08-01,2026-10-31
UnB,"Psicologia Social, do Trabalho e das Organizações",7,Ago-Out/2026,https://ppgpsto.unb.br,josemberg@unb.br (coord.); secpgpsto@gmail.com,Nota CAPES 7. Linhas de pesquisa: Avaliação e Medidas; Comportamento em contexto social; Trabalho e organizações. Melhor encaixe: Daniela — não é o melhor encaixe (foco organizacional).,Psicologia,2026-08-01,2026-10-31
UnB,Ciências do Comportamento,6,Ago-Out/2026,https://ppgccomp.unb.br,juniormsilva@unb.br,"Nota CAPES 6. Linhas de pesquisa: Processos Comportamentais Básicos; Cognição, Percepção e Sensação; Cérebro, Drogas e Comportamento. Melhor encaixe: Daniela — encaixe parcial (base analítico-comportamental).",Psicologia,2026-08-01,2026-10-31
UFRGS,Psicologia,7,Set-Nov/2026,https://www.ufrgs.br/ppgpsicologia,ppgpsico@ufrgs.br,Nota CAPES 7. Linhas de pesquisa: Métodos e Medidas em Psicologia (avaliação psicológica/neuropsicológica). Melhor encaixe: Daniela — bom encaixe via Métodos e Medidas/Avaliação Psicológica.,Psicologia,2026-09-01,2026-11-30
UFRGS,Neurociências,6,Set-Nov/2026,https://www.ufrgs.br/ppgneuro,não encontrado — consultar secretaria do programa,Nota CAPES 6. Linhas de pesquisa não confirmadas nesta rodada — consultar site oficial. Melhor encaixe: Daniela — encaixe potencial em Neurociência Clínica; confirmar linhas.,Psicologia,2026-09-01,2026-11-30
UFSC,Psicologia,6,Ago-Out/2026,https://ppgp.ufsc.br,ppgp@contato.ufsc.br,Nota CAPES 6. Linhas de pesquisa: Psicologia das Organizações e do Trabalho; Saúde e contextos de desenvolvimento psicológico. Melhor encaixe: Daniela — encaixe parcial via Saúde e desenvolvimento.,Psicologia,2026-08-01,2026-10-31
UFPR,Psicologia,5,Ago-Out/2026,https://www.prppg.ufpr.br/ppgpsicologia,não encontrado — consultar secretaria do programa,Nota CAPES 5. Linhas de pesquisa: Análise do Comportamento; Avaliação e Reabilitação Neuropsicológica; Psicologia Clínica. Melhor encaixe: Daniela — bom encaixe via Psicologia Clínica/Avaliação Neuropsicológica.,Psicologia,2026-08-01,2026-10-31
UFSCar,Psicologia,6,Ago-Out/2026,https://www.ppgpsi.ufscar.br,ppgpsi@ufscar.br (coord. Profa. Amanda R. de Oliveira — aroliveira@ufscar.br),Nota CAPES 6. Linhas de pesquisa: Análise comportamental da cognição; Neurociência comportamental e cognitiva. Melhor encaixe: Daniela — não é o melhor encaixe (foco experimental/básico).,Psicologia,2026-08-01,2026-10-31
UFSM,Psicologia,4,Ago-Out/2026,https://www.ufsm.br/ppgpsicologia,coord.ppgp@ufsm.br (coord. Marcele P. da Rosa Zucolotto),"Nota CAPES 4. Linhas de pesquisa: Desenvolvimento, Dinâmica Familiar; Problemáticas de Saúde e Contextos Institucionais. Melhor encaixe: Daniela — encaixe parcial via Problemáticas de Saúde.",Psicologia,2026-08-01,2026-10-31
UFJF,Psicologia,5,Ago-Out/2026,https://www2.ufjf.br/ppgpsicologia,mestrado.psicologia@ufjf.br (coord. Profa. Nara Liana P. Silva — naraliana.silva@ufjf.br),Nota CAPES 5. Linhas de pesquisa: Desenvolvimento Humano; Processos Psicossociais em Saúde; Fundamentos Históricos e Filosóficos. Melhor encaixe: Daniela — bom encaixe via Processos Psicossociais em Saúde.,Psicologia,2026-08-01,2026-10-31
UFF,Psicologia,6,Set-Nov/2026,https://www.ppgpsicologia.uff.br,não encontrado — consultar secretaria do programa,Nota CAPES 6. Linhas de pesquisa não confirmadas nesta rodada — consultar site oficial. Melhor encaixe: Daniela — bom encaixe potencial em Clínica/Saúde Mental; confirmar linhas.,Psicologia,2026-09-01,2026-11-30
UFPB,Psicologia Social,5,Ago-Out/2026,https://sigaa.ufpb.br/ppgps,não encontrado — consultar secretaria do programa,Nota CAPES 5. Linhas de pesquisa não confirmadas nesta rodada — consultar site oficial. Melhor encaixe: Daniela — não é o melhor encaixe (distante de Terapia do Esquema).,Psicologia,2026-08-01,2026-10-31
UFPB,Neurociência Cognitiva e Comportamento,5,Ago-Out/2026,https://sigaa.ufpb.br/ppgnec,não encontrado — consultar secretaria do programa,Nota CAPES 5. Linhas de pesquisa não confirmadas nesta rodada — consultar site oficial. Melhor encaixe: Daniela — bom encaixe se houver linha de Neurociência Clínica.,Psicologia,2026-08-01,2026-10-31
UFRN,Psicologia,5,Ago-Out/2026,https://posgraduacao.ufrn.br/ppgpsi,não encontrado — consultar secretaria do programa,Nota CAPES 5. Linhas de pesquisa não confirmadas nesta rodada — consultar site oficial. Melhor encaixe: Daniela — bom encaixe potencial em Clínica/Psicoterapia; confirmar.,Psicologia,2026-08-01,2026-10-31
UFRN,Psicobiologia,6,Ago-Out/2026,https://posgraduacao.ufrn.br/ppgpsicobiologia,não encontrado — consultar secretaria do programa,Nota CAPES 6. Linhas de pesquisa não confirmadas nesta rodada — consultar site oficial. Melhor encaixe: Daniela — encaixe parcial (foco mais biológico/experimental).,Psicologia,2026-08-01,2026-10-31
UFPA,Neurociências e Comportamento,5,Ago-Out/2026,https://ppgnc.propesp.ufpa.br,não encontrado — consultar secretaria do programa,Nota CAPES 5. Linhas de pesquisa não confirmadas nesta rodada — consultar site oficial. Melhor encaixe: Daniela — bom encaixe se houver linha de Neurociência Clínica aplicada.,Psicologia,2026-08-01,2026-10-31
UFPA,Psicologia,4,Ago-Out/2026,https://ppgp.propesp.ufpa.br,não encontrado — consultar secretaria do programa,Nota CAPES 4. Linhas de pesquisa não confirmadas nesta rodada — consultar site oficial. Melhor encaixe: Daniela — bom encaixe potencial em Clínica/Avaliação Psicológica.,Psicologia,2026-08-01,2026-10-31
UFG,Psicologia,4,Ago-Out/2026,https://ppgpsicologia.fh.ufg.br,não encontrado — consultar secretaria do programa,Nota CAPES 4. Linhas de pesquisa não confirmadas nesta rodada — consultar site oficial. Melhor encaixe: Daniela — bom encaixe potencial em Psicoterapia/Saúde Mental.,Psicologia,2026-08-01,2026-10-31
UFES,Psicologia,6,Ago-Out/2026,https://ppgp.ufes.br,não encontrado — consultar secretaria do programa,Nota CAPES 6. Linhas de pesquisa não confirmadas nesta rodada — consultar site oficial. Melhor encaixe: Daniela — bom encaixe potencial em Clínica/Saúde Mental.,Psicologia,2026-08-01,2026-10-31
UFAM,Psicologia,4,Set-Nov/2026,https://ppgpsi.ufam.edu.br,não encontrado — consultar secretaria do programa,Nota CAPES 4. Linhas de pesquisa não confirmadas nesta rodada — consultar site oficial. Melhor encaixe: Daniela — não verificado; checar linhas antes de aplicar.,Psicologia,2026-09-01,2026-11-30
UFS,Psicologia Social,4,Set-Nov/2026,https://www.sigaa.ufs.br/ppgpsi,não encontrado — consultar secretaria do programa,"Nota CAPES 4. Linhas de pesquisa não confirmadas nesta rodada — consultar site oficial. Melhor encaixe: Daniela — não é o melhor encaixe (foco social, não clínica).",Psicologia,2026-09-01,2026-11-30
UFAL,Psicologia,3,Set-Nov/2026,https://ppgp.ufal.br,não encontrado — consultar secretaria do programa,Nota CAPES 3. Linhas de pesquisa não confirmadas nesta rodada — consultar site oficial. Melhor encaixe: Daniela — não verificado; checar linhas antes de aplicar.,Psicologia,2026-09-01,2026-11-30
UFMA,Psicologia,3,Set-Nov/2026,https://sigaa.ufma.br/ppgpsi,não encontrado — consultar secretaria do programa,Nota CAPES 3. Linhas de pesquisa não confirmadas nesta rodada — consultar site oficial. Melhor encaixe: Daniela — não verificado; checar linhas antes de aplicar.,Psicologia,2026-09-01,2026-11-30
UFMS,Psicologia,4,Set-Nov/2026,https://ppgpsicologia.ufms.br,não encontrado — consultar secretaria do programa,Nota CAPES 4. Linhas de pesquisa não confirmadas nesta rodada — consultar site oficial. Melhor encaixe: Daniela — não verificado; checar linhas antes de aplicar.,Psicologia,2026-09-01,2026-11-30
UFMT,Psicologia,3,Set-Nov/2026,https://www.ufmt.br/ppgpsicologia,não encontrado — consultar secretaria do programa,Nota CAPES 3. Linhas de pesquisa não confirmadas nesta rodada — consultar site oficial. Melhor encaixe: Daniela — não verificado; checar linhas antes de aplicar.,Psicologia,2026-09-01,2026-11-30
UFT,Ensino em Ciências e Saúde,3,Set-Nov/2026,https://ww2.uft.edu.br/ppgecs,não encontrado — consultar secretaria do programa,Nota CAPES 3. Linhas de pesquisa não confirmadas nesta rodada — consultar site oficial. Melhor encaixe: Daniela — não é o melhor encaixe (foco em ensino).,Psicologia,2026-09-01,2026-11-30
UERJ,Psicologia Social,6,Set-Nov/2026,https://www.ppgps.uerj.br,não encontrado — consultar secretaria do programa,Nota CAPES 6. Linhas de pesquisa não confirmadas nesta rodada — consultar site oficial. Melhor encaixe: Daniela — não é o melhor encaixe.,Psicologia,2026-09-01,2026-11-30
UERJ,Psicologia Clínica,4,Set-Nov/2026,https://www.ppgpsicc.uerj.br,não encontrado — consultar secretaria do programa,Nota CAPES 4. Linhas de pesquisa não confirmadas nesta rodada — consultar site oficial. Melhor encaixe: Daniela — excelente encaixe potencial (nome já indica foco clínico).,Psicologia,2026-09-01,2026-11-30
UNESP (Assis),Psicologia,5,Ago-Out/2026,https://www.assis.unesp.br/ppgpsicologia,não encontrado — consultar secretaria do programa,Nota CAPES 5. Linhas de pesquisa não confirmadas nesta rodada — consultar site oficial. Melhor encaixe: Daniela — não verificado; checar linhas antes de aplicar.,Psicologia,2026-08-01,2026-10-31
UNESP (Bauru),Psicologia do Desenvolvimento e Aprendizagem,5,Ago-Out/2026,https://www.fc.unesp.br/ppgpda,não encontrado — consultar secretaria do programa,Nota CAPES 5. Linhas de pesquisa não confirmadas nesta rodada — consultar site oficial. Melhor encaixe: Daniela — não é o melhor encaixe (desenvolvimento/aprendizagem).,Psicologia,2026-08-01,2026-10-31
UEL,Psicologia,4,Ago-Out/2026,https://www.uel.br/pos/ppgpsicologia,não encontrado — consultar secretaria do programa,Nota CAPES 4. Linhas de pesquisa não confirmadas nesta rodada — consultar site oficial. Melhor encaixe: Daniela — não verificado; checar linhas antes de aplicar.,Psicologia,2026-08-01,2026-10-31
UEM,Psicologia,5,Ago-Out/2026,https://www.ppi.uem.br,não encontrado — consultar secretaria do programa,Nota CAPES 5. Linhas de pesquisa não confirmadas nesta rodada — consultar site oficial. Melhor encaixe: Daniela — não verificado; checar linhas antes de aplicar.,Psicologia,2026-08-01,2026-10-31
UDESC,Psicologia,3,Set-Nov/2026,https://www.udesc.br/ppgpsicologia,não encontrado — consultar secretaria do programa,Nota CAPES 3. Linhas de pesquisa não confirmadas nesta rodada — consultar site oficial. Melhor encaixe: Daniela — não verificado; checar linhas antes de aplicar.,Psicologia,2026-09-01,2026-11-30
UESC,Psicologia da Saúde,3,Set-Nov/2026,https://www.uesc.br/ppgpsicologia,não encontrado — consultar secretaria do programa,Nota CAPES 3. Linhas de pesquisa não confirmadas nesta rodada — consultar site oficial. Melhor encaixe: Daniela — potencial bom encaixe (saúde pode incluir psicoterapia); confirmar.,Psicologia,2026-09-01,2026-11-30
UPE,Neuropsiquiatria e Ciências do Comportamento,6,Ago-Out/2026,https://www.ufpe.br/ppgnpcc,não encontrado — consultar secretaria do programa,Nota CAPES 6. Linhas de pesquisa não confirmadas nesta rodada — consultar site oficial. Melhor encaixe: Daniela — bom encaixe se houver linha de Neurociência Clínica/Saúde Mental.,Psicologia,2026-08-01,2026-10-31
USP (IP),Psicologia Social,6,Mar-Mai/2027,https://www.ip.usp.br/pos-graduacao/psicologia-social,não encontrado — consultar secretaria do programa,Nota CAPES 6. Linhas de pesquisa não confirmadas nesta rodada — consultar site oficial. Melhor encaixe: Daniela — alinhado a clínica/saúde mental se houver linha de subjetividade/processos psicossociais em saúde.,Psicologia,2027-03-01,2027-05-31
UNICAMP,Saúde Coletiva (interface),5,Mar-Mai/2027,https://www.pg.unicamp.br/saudecoletiva,não encontrado — consultar secretaria do programa,Nota CAPES 5. Linhas de pesquisa não confirmadas nesta rodada — consultar site oficial. Melhor encaixe: não pesquisado — consultar secretaria do programa.,Psicologia,2027-03-01,2027-05-31
UFBA,"Saúde, Ambiente e Trabalho",4,Mar-Mai/2027,https://ppgsat.ufba.br,não encontrado — consultar secretaria do programa,Nota CAPES 4. Linhas de pesquisa não confirmadas nesta rodada — consultar site oficial. Melhor encaixe: Daniela — possível encaixe via saúde mental do trabalhador e Terapia do Esquema aplicada.,Psicologia,2027-03-01,2027-05-31
UFC,Saúde Pública,5,Mar-Mai/2027,https://ppgsp.ufc.br,não encontrado — consultar secretaria do programa,Nota CAPES 5. Linhas de pesquisa não confirmadas nesta rodada — consultar site oficial. Melhor encaixe: Daniela — encaixe se houver linha de saúde mental/atenção psicossocial.,Psicologia,2027-03-01,2027-05-31
UNEB,Educação e Contemporaneidade,4,Mar-Mai/2027,https://www.uneb.br/ppgeduc,não encontrado — consultar secretaria do programa,Nota CAPES 4. Linhas de pesquisa não confirmadas nesta rodada — consultar site oficial. Melhor encaixe: Daniela — encaixe indireto via psicologia educacional/formação em saúde mental; confirmar.,Psicologia,2027-03-01,2027-05-31
UEFS,Saúde Coletiva,3,Mar-Mai/2027,https://www.uefs.br/ppgsc,não encontrado — consultar secretaria do programa,Nota CAPES 3. Linhas de pesquisa não confirmadas nesta rodada — consultar site oficial. Melhor encaixe: Daniela — possível encaixe se houver linha de saúde mental e clínica ampliada.,Psicologia,2027-03-01,2027-05-31
UFMG,Ciência da Computação,7,Jun-Jul/2026 (verificar),https://ppgcc.dcc.ufmg.br,não encontrado — consultar secretaria do programa,Nota CAPES 7. Linhas de pesquisa não confirmadas nesta rodada — consultar site oficial. Melhor encaixe: não pesquisado — consultar secretaria do programa.,Computação/Dados,2026-06-01,2026-07-31
UFRGS,Computação,7,Jun-Jul/2026 (verificar),https://www.inf.ufrgs.br/ppgc,não encontrado — consultar secretaria do programa,Nota CAPES 7. Linhas de pesquisa não confirmadas nesta rodada — consultar site oficial. Melhor encaixe: não pesquisado — consultar secretaria do programa.,Computação/Dados,2026-06-01,2026-07-31
UNICAMP,Ciência da Computação,7,Jun-Jul/2026 (verificar),https://www.ic.unicamp.br/pos,não encontrado — consultar secretaria do programa,Nota CAPES 7. Linhas de pesquisa não confirmadas nesta rodada — consultar site oficial. Melhor encaixe: não pesquisado — consultar secretaria do programa.,Computação/Dados,2026-06-01,2026-07-31
USP (IME),Ciência da Computação,7,Set-Nov/2026,https://www.ime.usp.br/pos-computacao,poscomp@ime.usp.br,Nota CAPES 7. Linhas de pesquisa: Otimização e teoria da computação; ciência de dados/IA/processamento de sinais; sistemas de software. Melhor encaixe: Maria Eduarda — forte encaixe (ciência de dados/ML) · Rafael — excelente encaixe (IA/ML sênior).,Computação/Dados,2026-09-01,2026-11-30
USP (IME),Estatística,7,Set-Nov/2026,https://www.ime.usp.br/pos-estatistica,posmae@ime.usp.br,"Nota CAPES 7. Linhas de pesquisa: Probabilidade, Estatística, Ciência de Dados (bioinformática, inferência bayesiana, séries temporais). Melhor encaixe: Maria Eduarda — boa aderência via sublinha de Ciência de Dados · Rafael — muito bom encaixe (séries temporais/analytics).",Computação/Dados,2026-09-01,2026-11-30
USP (IME),Matemática Aplicada,6,Set-Nov/2026,https://www.ime.usp.br/pos-mat-aplicada,posmap@ime.usp.br,Nota CAPES 6. Linhas de pesquisa não confirmadas nesta rodada — consultar site oficial. Melhor encaixe: Maria Eduarda — não é o melhor encaixe · Rafael — fit parcial se houver linha de otimização/modelagem.,Computação/Dados,2026-09-01,2026-11-30
USP (EACH),Sistemas de Informação,5,Set-Nov/2026,https://ppgsi.each.usp.br,ppgsi-each@usp.br,"Nota CAPES 5. Linhas de pesquisa: Gestão e Desenvolvimento de Sistemas; Inteligência de Sistemas (IA, reconhecimento de padrões). Melhor encaixe: Maria Eduarda — ótimo encaixe (conecta ao TCC sobre IA) · Rafael — bom encaixe em Inteligência de Sistemas.",Computação/Dados,2026-09-01,2026-11-30
USP (ICMC),Ciências de Computação e Matemática Computacional,7,Set-Nov/2026,https://www.icmc.usp.br/pos-graduacao/ccmc,ppgccmc@icmc.usp.br,Nota CAPES 7. Linhas de pesquisa: Computação aplicada à educação; análise de dados; inteligência computacional; sistemas complexos. Melhor encaixe: Maria Eduarda — forte encaixe (Inteligência Computacional/dados) · Rafael — forte encaixe (nível PhD).,Computação/Dados,2026-09-01,2026-11-30
USP (ICMC),Estatística (Interinstitucional),5,Set-Nov/2026,https://www.icmc.usp.br/pos-graduacao/estatistica,pipges@icmc.usp.br,"Nota CAPES 5. Linhas de pesquisa: Probabilidade e Estatística aplicadas (bioestatística, inferência). Melhor encaixe: Maria Eduarda — fit moderado (mais teórico) · Rafael — bom encaixe se interesse em estatística aplicada.",Computação/Dados,2026-09-01,2026-11-30
UNICAMP,Estatística,5,Ago-Out/2026,https://www.ime.unicamp.br/pos-graduacao/estatistica,posgrad@ime.unicamp.br,Nota CAPES 5. Linhas de pesquisa: Probabilidade e Estatística; Bioestatística e Biologia Computacional. Melhor encaixe: Maria Eduarda — não é o melhor encaixe (bioestatística foge do perfil) · Rafael — fit parcial.,Computação/Dados,2026-08-01,2026-10-31
UNICAMP,Engenharia Elétrica e de Computação,7,Ago-Out/2026,https://www.fee.unicamp.br/pos,cpg@fee.unicamp.br,Nota CAPES 7. Linhas de pesquisa: Sistemas inteligentes/robótica; computação gráfica; visão computacional; redes; comunicações. Melhor encaixe: Maria Eduarda — fit moderado · Rafael — forte encaixe (sistemas inteligentes/visão computacional/dados).,Computação/Dados,2026-08-01,2026-10-31
UNICAMP,Matemática Aplicada,6,Ago-Out/2026,https://www.ime.unicamp.br/pos-graduacao/mat-aplicada,posgrad@ime.unicamp.br,Nota CAPES 6. Linhas de pesquisa: Análise numérica; biomatemática; otimização e pesquisa operacional; inteligência computacional. Melhor encaixe: Maria Eduarda — não é o melhor encaixe · Rafael — bom encaixe via Inteligência Computacional/Otimização.,Computação/Dados,2026-08-01,2026-10-31
UFRJ (COPPE),Engenharia de Sistemas e Computação,7,Set-Nov/2026,https://cos.ufrj.br,não encontrado — consultar secretaria do programa,"Nota CAPES 7. Linhas de pesquisa não confirmadas nesta rodada — consultar site oficial. Melhor encaixe: Maria Eduarda — não é o melhor encaixe · Rafael — forte encaixe (IA, banco de dados, engenharia de software).",Computação/Dados,2026-09-01,2026-11-30
UFRJ (IM),Estatística,5,Set-Nov/2026,https://www.im.ufrj.br/pos/estatistica,não encontrado — consultar secretaria do programa,Nota CAPES 5. Linhas de pesquisa não confirmadas nesta rodada — consultar site oficial. Melhor encaixe: Maria Eduarda — possível se houver linha aplicada a dados/ML · Rafael — bom encaixe (estatística aplicada a analytics).,Computação/Dados,2026-09-01,2026-11-30
UFRJ,Informática,5,Set-Nov/2026,https://ppgi.ufrj.br,não encontrado — consultar secretaria do programa,Nota CAPES 5. Linhas de pesquisa não confirmadas nesta rodada — consultar site oficial. Melhor encaixe: Maria Eduarda — encaixe médio (depende de linha de IA/dados) · Rafael — forte encaixe (IA aplicada/engenharia de dados).,Computação/Dados,2026-09-01,2026-11-30
UFMG,Estatística,5,Ago-Out/2026,https://www.est.ufmg.br/pos,não encontrado — consultar secretaria do programa,Nota CAPES 5. Linhas de pesquisa não confirmadas nesta rodada — consultar site oficial. Melhor encaixe: Maria Eduarda — possível se linha aplicada a ciência de dados · Rafael — bom encaixe (estatística avançada aplicada a BI).,Computação/Dados,2026-08-01,2026-10-31
UnB,Informática,5,Ago-Out/2026,https://ppginf.unb.br,não encontrado — consultar secretaria do programa,Nota CAPES 5. Linhas de pesquisa não confirmadas nesta rodada — consultar site oficial. Melhor encaixe: Maria Eduarda — bom se houver linha de IA/educação · Rafael — forte encaixe (IA aplicada/engenharia de dados).,Computação/Dados,2026-08-01,2026-10-31
UnB,Estatística,4,Ago-Out/2026,https://ppgest.unb.br,não encontrado — consultar secretaria do programa,Nota CAPES 4. Linhas de pesquisa não confirmadas nesta rodada — consultar site oficial. Melhor encaixe: Maria Eduarda — encaixe médio · Rafael — bom encaixe (estatística aplicada a analytics).,Computação/Dados,2026-08-01,2026-10-31
UnB,Computação Aplicada,4,Ago-Out/2026,https://ppgcap.unb.br,não encontrado — consultar secretaria do programa,Nota CAPES 4. Linhas de pesquisa não confirmadas nesta rodada — consultar site oficial. Melhor encaixe: Maria Eduarda — bom encaixe (perfil entry-level em ML/dados) · Rafael — forte encaixe (pesquisa aplicada em dados/IA).,Computação/Dados,2026-08-01,2026-10-31
UFRGS,Estatística,4,Set-Nov/2026,https://www.ufrgs.br/ppgestatistica,não encontrado — consultar secretaria do programa,Nota CAPES 4. Linhas de pesquisa não confirmadas nesta rodada — consultar site oficial. Melhor encaixe: Maria Eduarda — encaixe médio · Rafael — bom encaixe (estatística aplicada sênior).,Computação/Dados,2026-09-01,2026-11-30
UFSC,Ciência da Computação,5,Ago-Out/2026,https://ppgcc.ufsc.br,não encontrado — consultar secretaria do programa,Nota CAPES 5. Linhas de pesquisa não confirmadas nesta rodada — consultar site oficial. Melhor encaixe: Maria Eduarda — bom se linha de IA/dados educacionais · Rafael — forte encaixe (IA aplicada/engenharia de dados).,Computação/Dados,2026-08-01,2026-10-31
UFSC,Engenharia de Automação e Sistemas,6,Ago-Out/2026,https://ppgeas.ufsc.br,não encontrado — consultar secretaria do programa,Nota CAPES 6. Linhas de pesquisa não confirmadas nesta rodada — consultar site oficial. Melhor encaixe: Maria Eduarda — não é o melhor encaixe · Rafael — bom se houver linha de automação orientada a dados/ML.,Computação/Dados,2026-08-01,2026-10-31
UFPR,Informática,5,Ago-Out/2026,https://www.inf.ufpr.br/pos,não encontrado — consultar secretaria do programa,Nota CAPES 5. Linhas de pesquisa não confirmadas nesta rodada — consultar site oficial. Melhor encaixe: Maria Eduarda — bom se linha de IA/dados · Rafael — forte encaixe (IA aplicada/engenharia de dados).,Computação/Dados,2026-08-01,2026-10-31
UFPR,Métodos Numéricos em Engenharia,5,Ago-Out/2026,https://www.ppgmne.ufpr.br,não encontrado — consultar secretaria do programa,Nota CAPES 5. Linhas de pesquisa não confirmadas nesta rodada — consultar site oficial. Melhor encaixe: Maria Eduarda — não é o melhor encaixe · Rafael — encaixe médio (otimização/ciência de dados).,Computação/Dados,2026-08-01,2026-10-31
UFBA,Ciência da Computação,5,Ago-Out/2026,https://pgcomp.ufba.br,não encontrado — consultar secretaria do programa,Nota CAPES 5. Linhas de pesquisa não confirmadas nesta rodada — consultar site oficial. Melhor encaixe: Maria Eduarda — boa opção se linha de IA para inclusão · Rafael — boa opção para IA/ML aplicada.,Computação/Dados,2026-08-01,2026-10-31
UFC,Ciência da Computação,5,Ago-Out/2026,https://ppgcc.dc.ufc.br,não encontrado — consultar secretaria do programa,Nota CAPES 5. Linhas de pesquisa não confirmadas nesta rodada — consultar site oficial. Melhor encaixe: Maria Eduarda — bom se linha de IA/aprendizado de máquina · Rafael — bom encaixe para pesquisa aplicada em ML/dados.,Computação/Dados,2026-08-01,2026-10-31
UFC,Estatística e Matemática Aplicada,4,Ago-Out/2026,https://ppgema.ufc.br,não encontrado — consultar secretaria do programa,Nota CAPES 4. Linhas de pesquisa não confirmadas nesta rodada — consultar site oficial. Melhor encaixe: Maria Eduarda — não é o melhor encaixe · Rafael — bom encaixe (estatística aplicada a analytics).,Computação/Dados,2026-08-01,2026-10-31
UFPE,Ciência da Computação,7,Ago-Out/2026,https://www.cin.ufpe.br/pos,não encontrado — consultar secretaria do programa,Nota CAPES 7. Linhas de pesquisa não confirmadas nesta rodada — consultar site oficial. Melhor encaixe: Maria Eduarda — bom se linha de IA/ciência de dados (programa de referência) · Rafael — ótimo encaixe (forte em IA/ML).,Computação/Dados,2026-08-01,2026-10-31
UFPE,Estatística,5,Ago-Out/2026,https://www.de.ufpe.br/pos,não encontrado — consultar secretaria do programa,Nota CAPES 5. Linhas de pesquisa não confirmadas nesta rodada — consultar site oficial. Melhor encaixe: Maria Eduarda — não é o melhor encaixe · Rafael — bom encaixe (embasa estatisticamente BI/analytics).,Computação/Dados,2026-08-01,2026-10-31
UFSCar,Ciência da Computação,5,Ago-Out/2026,https://ppgcc.dc.ufscar.br,não encontrado — consultar secretaria do programa,Nota CAPES 5. Linhas de pesquisa não confirmadas nesta rodada — consultar site oficial. Melhor encaixe: Maria Eduarda — possível se linha de IA/ML · Rafael — bom encaixe (pesquisa aplicada em ML/engenharia de dados).,Computação/Dados,2026-08-01,2026-10-31
UFSCar,Estatística,5,Ago-Out/2026,https://www.ppges.ufscar.br,não encontrado — consultar secretaria do programa,Nota CAPES 5. Linhas de pesquisa não confirmadas nesta rodada — consultar site oficial. Melhor encaixe: Maria Eduarda — não é o melhor encaixe · Rafael — bom encaixe (estatística aplicada a analytics).,Computação/Dados,2026-08-01,2026-10-31
UFSM,Ciência da Computação,4,Ago-Out/2026,https://www.ufsm.br/ppgcc,não encontrado — consultar secretaria do programa,Nota CAPES 4. Linhas de pesquisa não confirmadas nesta rodada — consultar site oficial. Melhor encaixe: Maria Eduarda — possível se linha de IA aplicada · Rafael — possível para pesquisa em ML/dados.,Computação/Dados,2026-08-01,2026-10-31
UFG,Ciência da Computação,4,Ago-Out/2026,https://ppgcc.inf.ufg.br,não encontrado — consultar secretaria do programa,Nota CAPES 4. Linhas de pesquisa não confirmadas nesta rodada — consultar site oficial. Melhor encaixe: Maria Eduarda — possível se linha de IA/ciência de dados · Rafael — possível para pesquisa aplicada em ML.,Computação/Dados,2026-08-01,2026-10-31
UFES,Informática,5,Ago-Out/2026,https://ppgi.ufes.br,não encontrado — consultar secretaria do programa,Nota CAPES 5. Linhas de pesquisa não confirmadas nesta rodada — consultar site oficial. Melhor encaixe: Maria Eduarda — possível se linha de IA/ciência de dados · Rafael — possível para pesquisa aplicada em dados/IA.,Computação/Dados,2026-08-01,2026-10-31
UFJF,Ciência da Computação,4,Ago-Out/2026,https://www2.ufjf.br/ppgcc,não encontrado — consultar secretaria do programa,Nota CAPES 4. Linhas de pesquisa não confirmadas nesta rodada — consultar site oficial. Melhor encaixe: Maria Eduarda — possível se linha de IA/ciência de dados · Rafael — possível para pesquisa aplicada em ML/dados.,Computação/Dados,2026-08-01,2026-10-31
UFF,Computação,6,Set-Nov/2026,https://www.ppgcomp.ic.uff.br,não encontrado — consultar secretaria do programa,Nota CAPES 6. Linhas de pesquisa não confirmadas nesta rodada — consultar site oficial. Melhor encaixe: Maria Eduarda — possível se linha de IA/ciência de dados · Rafael — possível para pesquisa aplicada em ML/dados nível avançado.,Computação/Dados,2026-09-01,2026-11-30
UFF,Sistemas de Informação e Gestão do Conhecimento,4,Set-Nov/2026,https://www.ppgsg.uff.br,não encontrado — consultar secretaria do programa,Nota CAPES 4. Linhas de pesquisa não confirmadas nesta rodada — consultar site oficial. Melhor encaixe: Maria Eduarda — bom encaixe (sistemas de informação/Big Data) · Rafael — bom encaixe (BI/gestão de dados).,Computação/Dados,2026-09-01,2026-11-30
UFPB,Informática,4,Ago-Out/2026,https://ppgi.ci.ufpb.br,não encontrado — consultar secretaria do programa,Nota CAPES 4. Linhas de pesquisa não confirmadas nesta rodada — consultar site oficial. Melhor encaixe: Maria Eduarda — bom encaixe (IA/ML alinhado ao TCC) · Rafael — bom encaixe (pesquisa aplicada em IA/ML sênior).,Computação/Dados,2026-08-01,2026-10-31
UFPB,Modelagem Matemática e Computacional,4,Ago-Out/2026,https://ppgmmc.ci.ufpb.br,não encontrado — consultar secretaria do programa,Nota CAPES 4. Linhas de pesquisa não confirmadas nesta rodada — consultar site oficial. Melhor encaixe: Maria Eduarda — não é o melhor encaixe · Rafael — bom encaixe se linha de modelagem computacional aplicada a dados.,Computação/Dados,2026-08-01,2026-10-31
UFRN,Sistemas e Computação,4,Ago-Out/2026,https://posgraduacao.ufrn.br/ppgsc,não encontrado — consultar secretaria do programa,Nota CAPES 4. Linhas de pesquisa não confirmadas nesta rodada — consultar site oficial. Melhor encaixe: Maria Eduarda — bom encaixe (IA e sistemas de informação) · Rafael — ótimo encaixe (sistemas distribuídos/IA).,Computação/Dados,2026-08-01,2026-10-31
UFRN,Estatística Aplicada e Biometria,3,Ago-Out/2026,https://posgraduacao.ufrn.br/ppgeab,não encontrado — consultar secretaria do programa,Nota CAPES 3. Linhas de pesquisa não confirmadas nesta rodada — consultar site oficial. Melhor encaixe: Maria Eduarda — não é o melhor encaixe · Rafael — bom encaixe (estatística aplicada complementa perfil BI).,Computação/Dados,2026-08-01,2026-10-31
UFPA,Ciência da Computação,4,Ago-Out/2026,https://ppgcc.propesp.ufpa.br,não encontrado — consultar secretaria do programa,Nota CAPES 4. Linhas de pesquisa não confirmadas nesta rodada — consultar site oficial. Melhor encaixe: Maria Eduarda — bom encaixe (IA/mineração de dados) · Rafael — bom encaixe (IA aplicada).,Computação/Dados,2026-08-01,2026-10-31
UFAM,Informática,4,Set-Nov/2026,https://ppgi.ufam.edu.br,não encontrado — consultar secretaria do programa,Nota CAPES 4. Linhas de pesquisa não confirmadas nesta rodada — consultar site oficial. Melhor encaixe: Maria Eduarda — bom encaixe (IA/inclusão digital conecta ao TCC) · Rafael — bom encaixe (sistemas inteligentes).,Computação/Dados,2026-09-01,2026-11-30
UFAL,Informática,3,Set-Nov/2026,https://ppgi.ufal.br,não encontrado — consultar secretaria do programa,Nota CAPES 3. Linhas de pesquisa não confirmadas nesta rodada — consultar site oficial. Melhor encaixe: Maria Eduarda — bom encaixe (entrada em pesquisa IA/dados) · Rafael — bom encaixe (pesquisa aplicada sênior).,Computação/Dados,2026-09-01,2026-11-30
UFMA,Ciência da Computação,3,Set-Nov/2026,https://sigaa.ufma.br/ppgcc,não encontrado — consultar secretaria do programa,Nota CAPES 3. Linhas de pesquisa não confirmadas nesta rodada — consultar site oficial. Melhor encaixe: Maria Eduarda — bom encaixe (IA/ciência de dados) · Rafael — bom encaixe (sistemas de informação/dados).,Computação/Dados,2026-09-01,2026-11-30
UFMS,Ciência da Computação,4,Set-Nov/2026,https://ppgcc.facom.ufms.br,não encontrado — consultar secretaria do programa,"Nota CAPES 4. Linhas de pesquisa não confirmadas nesta rodada — consultar site oficial. Melhor encaixe: Maria Eduarda — bom encaixe (IA aplicada, entrada em pesquisa) · Rafael — bom encaixe (banco de dados/IA).",Computação/Dados,2026-09-01,2026-11-30
UFMT,Ciência da Computação,3,Set-Nov/2026,https://www.ufmt.br/ppgcc,não encontrado — consultar secretaria do programa,Nota CAPES 3. Linhas de pesquisa não confirmadas nesta rodada — consultar site oficial. Melhor encaixe: Maria Eduarda — bom encaixe (IA conecta com mulheres em STEM) · Rafael — bom encaixe (dados/IA).,Computação/Dados,2026-09-01,2026-11-30
UFS,Ciência da Computação,3,Set-Nov/2026,https://www.sigaa.ufs.br/ppgcc,não encontrado — consultar secretaria do programa,Nota CAPES 3. Linhas de pesquisa não confirmadas nesta rodada — consultar site oficial. Melhor encaixe: Maria Eduarda — bom encaixe (entrada em pesquisa de dados/IA) · Rafael — bom encaixe (pesquisa aplicada em dados).,Computação/Dados,2026-09-01,2026-11-30
UNIR,Computação Aplicada,3,Set-Nov/2026,https://ppgca.unir.br,não encontrado — consultar secretaria do programa,Nota CAPES 3. Linhas de pesquisa não confirmadas nesta rodada — consultar site oficial. Melhor encaixe: Maria Eduarda — bom encaixe (computação aplicada a inclusão social) · Rafael — bom encaixe (dados/engenharia).,Computação/Dados,2026-09-01,2026-11-30
UERJ,Ciências Computacionais,5,Set-Nov/2026,https://www.ppg-ccomp.uerj.br,não encontrado — consultar secretaria do programa,"Nota CAPES 5. Linhas de pesquisa não confirmadas nesta rodada — consultar site oficial. Melhor encaixe: Maria Eduarda — bom encaixe (IA/dados, entrada em pesquisa) · Rafael — ótimo encaixe (computação aplicada, forte para BI/AI).",Computação/Dados,2026-09-01,2026-11-30
UNESP (IBILCE),Ciência da Computação,4,Ago-Out/2026,https://www.ibilce.unesp.br/ppgcc,não encontrado — consultar secretaria do programa,"Nota CAPES 4. Linhas de pesquisa não confirmadas nesta rodada — consultar site oficial. Melhor encaixe: Maria Eduarda — bom encaixe (IA/ML alinhado ao TCC) · Rafael — ótimo encaixe (consolidado em IA/dados, nível doutorado).",Computação/Dados,2026-08-01,2026-10-31
UNESP (FCT),Matemática Aplicada e Computacional,5,Ago-Out/2026,https://www.fct.unesp.br/ppgmac,não encontrado — consultar secretaria do programa,Nota CAPES 5. Linhas de pesquisa não confirmadas nesta rodada — consultar site oficial. Melhor encaixe: Maria Eduarda — não é o melhor encaixe · Rafael — bom encaixe (matemática aplicada a dados/analytics).,Computação/Dados,2026-08-01,2026-10-31
UEL,Ciência da Computação,4,Ago-Out/2026,https://www.uel.br/pos/ppgcc,não encontrado — consultar secretaria do programa,Nota CAPES 4. Linhas de pesquisa não confirmadas nesta rodada — consultar site oficial. Melhor encaixe: Maria Eduarda — bom encaixe (entrada em pesquisa IA/dados) · Rafael — bom encaixe (sistemas de dados/IA).,Computação/Dados,2026-08-01,2026-10-31
UEM,Ciência da Computação,4,Ago-Out/2026,https://www.pcc.uem.br,não encontrado — consultar secretaria do programa,Nota CAPES 4. Linhas de pesquisa não confirmadas nesta rodada — consultar site oficial. Melhor encaixe: Maria Eduarda — bom encaixe (IA conecta com ciência de dados) · Rafael — bom encaixe (pesquisa aplicada).,Computação/Dados,2026-08-01,2026-10-31
UEPG,Computação Aplicada,3,Set-Nov/2026,https://www.uepg.br/ppgca,não encontrado — consultar secretaria do programa,Nota CAPES 3. Linhas de pesquisa não confirmadas nesta rodada — consultar site oficial. Melhor encaixe: Maria Eduarda — bom encaixe (computação aplicada a temas sociais/inclusão) · Rafael — bom encaixe (dados/BI).,Computação/Dados,2026-09-01,2026-11-30
UNIOESTE,Ciência da Computação,3,Set-Nov/2026,https://www.unioeste.br/ppgcc,não encontrado — consultar secretaria do programa,Nota CAPES 3. Linhas de pesquisa não confirmadas nesta rodada — consultar site oficial. Melhor encaixe: Maria Eduarda — bom encaixe (entrada em pesquisa IA/dados) · Rafael — bom encaixe (dados/IA).,Computação/Dados,2026-09-01,2026-11-30
USP (IME),Ciência da Computação (2ª chamada),7,Mar-Mai/2027,https://www.ime.usp.br/pos-computacao,não encontrado — consultar secretaria do programa,Nota CAPES 7. Linhas de pesquisa não confirmadas nesta rodada — consultar site oficial. Melhor encaixe: não pesquisado — consultar secretaria do programa.,Computação/Dados,2027-03-01,2027-05-31
UNICAMP,Ciência da Computação (2ª chamada),7,Mar-Mai/2027,https://www.ic.unicamp.br/pos,não encontrado — consultar secretaria do programa,Nota CAPES 7. Linhas de pesquisa não confirmadas nesta rodada — consultar site oficial. Melhor encaixe: não pesquisado — consultar secretaria do programa.,Computação/Dados,2027-03-01,2027-05-31
UFRJ (COPPE),Eng. Sistemas e Computação (2ª chamada),7,Mar-Mai/2027,https://cos.ufrj.br,não encontrado — consultar secretaria do programa,Nota CAPES 7. Linhas de pesquisa não confirmadas nesta rodada — consultar site oficial. Melhor encaixe: não pesquisado — consultar secretaria do programa.,Computação/Dados,2027-03-01,2027-05-31
UFMG,Ciência da Computação (2ª chamada),7,Mar-Mai/2027,https://ppgcc.dcc.ufmg.br,não encontrado — consultar secretaria do programa,Nota CAPES 7. Linhas de pesquisa não confirmadas nesta rodada — consultar site oficial. Melhor encaixe: não pesquisado — consultar secretaria do programa.,Computação/Dados,2027-03-01,2027-05-31
UFPE,Ciência da Computação (2ª chamada),7,Mar-Mai/2027,https://www.cin.ufpe.br/pos,não encontrado — consultar secretaria do programa,Nota CAPES 7. Linhas de pesquisa não confirmadas nesta rodada — consultar site oficial. Melhor encaixe: não pesquisado — consultar secretaria do programa.,Computação/Dados,2027-03-01,2027-05-31
UFC,Ciência da Computação (2ª chamada),5,Mar-Mai/2027,https://ppgcc.dc.ufc.br,não encontrado — consultar secretaria do programa,Nota CAPES 5. Linhas de pesquisa não confirmadas nesta rodada — consultar site oficial. Melhor encaixe: não pesquisado — consultar secretaria do programa.,Computação/Dados,2027-03-01,2027-05-31
UFBA,Ciência da Computação (2ª chamada),5,Mar-Mai/2027,https://pgcomp.ufba.br,não encontrado — consultar secretaria do programa,Nota CAPES 5. Linhas de pesquisa não confirmadas nesta rodada — consultar site oficial. Melhor encaixe: não pesquisado — consultar secretaria do programa.,Computação/Dados,2027-03-01,2027-05-31
UnB,Informática (2ª chamada),5,Mar-Mai/2027,https://ppginf.unb.br,não encontrado — consultar secretaria do programa,Nota CAPES 5. Linhas de pesquisa não confirmadas nesta rodada — consultar site oficial. Melhor encaixe: não pesquisado — consultar secretaria do programa.,Computação/Dados,2027-03-01,2027-05-31
USP,Neurociência e Cognição (EACH),4,Set-Nov/2026,https://ppgnc.each.usp.br,não encontrado — consultar secretaria do programa,"Nota CAPES 4. Linhas de pesquisa não confirmadas nesta rodada — consultar site oficial. Melhor encaixe: Daniela — forte encaixe se houver linha ligada a cognição, emoção e psicopatologia.",Interdisciplinar,2026-09-01,2026-11-30
UFABC,Neurociência e Cognição,5,Ago-Out/2026,https://propg.ufabc.edu.br/nec,não encontrado — consultar secretaria do programa,Nota CAPES 5. Linhas de pesquisa não confirmadas nesta rodada — consultar site oficial. Melhor encaixe: Daniela — encaixe se houver linha de neurociência afetiva/clínica aplicada à Terapia do Esquema.,Interdisciplinar,2026-08-01,2026-10-31
UFABC,Ciência da Computação,4,Ago-Out/2026,https://propg.ufabc.edu.br/cc,não encontrado — consultar secretaria do programa,"Nota CAPES 4. Linhas de pesquisa não confirmadas nesta rodada — consultar site oficial. Melhor encaixe: Rafael — forte encaixe (IA/ML aplicada, perfil sênior) · Maria Eduarda — bom encaixe inicial em ciência de dados/ML.",Interdisciplinar,2026-08-01,2026-10-31
UFABC,Matemática Aplicada,4,Ago-Out/2026,https://propg.ufabc.edu.br/matap,não encontrado — consultar secretaria do programa,Nota CAPES 4. Linhas de pesquisa não confirmadas nesta rodada — consultar site oficial. Melhor encaixe: Rafael — encaixe se houver linha de modelagem computacional/otimização · Maria Eduarda — possível encaixe em métodos quantitativos.,Interdisciplinar,2026-08-01,2026-10-31
UFMG,Modelagem Matemática e Computacional,5,Ago-Out/2026,https://ppgmmc.ufmg.br,não encontrado — consultar secretaria do programa,Nota CAPES 5. Linhas de pesquisa não confirmadas nesta rodada — consultar site oficial. Melhor encaixe: Maria Eduarda — bom encaixe (transição de Big Data/Analytics para pesquisa aplicada) · Rafael — encaixe para modelagem de dados complexos.,Interdisciplinar,2026-08-01,2026-10-31
UFRJ,Engenharia Biomédica (COPPE),6,Set-Nov/2026,https://peb.ufrj.br,não encontrado — consultar secretaria do programa,Nota CAPES 6. Linhas de pesquisa não confirmadas nesta rodada — consultar site oficial. Melhor encaixe: Daniela — encaixe apenas se houver linha de neuroengenharia/processamento de sinais ligada à saúde mental; confirmar.,Interdisciplinar,2026-09-01,2026-11-30
USP (São Carlos),Bioengenharia (interunidades),5,Set-Nov/2026,https://www.ppgbioeng.usp.br,não encontrado — consultar secretaria do programa,Nota CAPES 5. Linhas de pesquisa não confirmadas nesta rodada — consultar site oficial. Melhor encaixe: não pesquisado — consultar secretaria do programa.,Interdisciplinar,2026-09-01,2026-11-30
USP,PPGE — Faculdade de Educação,não encontrado — consultar secretaria do programa,,https://www4.fe.usp.br/pos-graduacao/,posfe@usp.br,"Linhas de pesquisa: Cultura e Educação; Psicologia, Psicanálise e Educação; Estado, Sociedade e Educação; Currículo e Avaliação; Didática e Metodologias de Ensino; Filosofia da Educação; História da Educação. Melhor encaixe: Rafael — linha Currículo e Avaliação conecta a dados e avaliação educacional, alinhado à expertise em BI/analytics..",Educação,,
UNICAMP,PPGE — Faculdade de Educação,6,,https://www.fe.unicamp.br/pg,educacao@unicamp.br,"Nota CAPES 6. Linhas de pesquisa: Currículo, Avaliação e Docência (entre 9 linhas reestruturadas em 2013; demais não detalhadas). Melhor encaixe: Rafael — linha Currículo, Avaliação e Docência conecta a análise de dados educacionais..",Educação,,
UFMG,PPGE: Conhecimento e Inclusão Social,7,,https://www2.fae.ufmg.br/pos,colpgsec@fae.ufmg.br,"Nota CAPES 7. Linhas de pesquisa: Gestão e organização da educação básica e políticas educacionais; Sociologia da Educação: escolarização e desigualdades sociais; Educação e Ciências; Educação e Linguagem. Melhor encaixe: Maria Eduarda — nome ""Conhecimento e Inclusão Social"" combina diretamente com seu TCC sobre IA e inclusão escolar..",Educação,,
UFRJ,PPGE — Faculdade de Educação,não encontrado — consultar secretaria do programa,,https://www.pos.educacao.ufrj.br,ppge@fe.ufrj.br,"Linhas de pesquisa: Currículo, ensino e diferença; Formação de professores, linguagens e subjetividade; Políticas e Instituições Educacionais; História, Sujeitos e Processos Educacionais; Inclusão, Ética e Interculturalidade; Estado, Trabalho-Educação e Movimentos Sociais. Melhor encaixe: Maria Eduarda — linha Inclusão, Ética e Interculturalidade alinha-se ao foco em inclusão educacional..",Educação,,
UFRGS,PPGEDU — FACED,não encontrado — consultar secretaria do programa,,https://www.ufrgs.br/ppgedu/,ppgedu@ufrgs.br,"Linhas de pesquisa: Linguagem, cultura e processos educativos; linhas de educação especial/processos inclusivos e políticas públicas educacionais (nomes exatos a confirmar). Melhor encaixe: Daniela — linhas de educação especial e processos inclusivos conectam ao interesse em educação inclusiva..",Educação,,
UnB,PPGE — Faculdade de Educação,6,,https://ppge.unb.br,não encontrado — consultar secretaria do programa,"Nota CAPES 6. Linhas de pesquisa: EAPS (Escola, Aprendizagem, Ação Pedagógica e Subjetividade); ETEC (Educação, Tecnologias e Comunicação); POGE (Políticas Públicas e Gestão); PDCA (Profissão Docente, Currículo e Avaliação); EAEC (Educação Ambiental e do Campo); ECMA (Educação em Ciências e Matemática). Melhor encaixe: Rafael — linha ETEC (Educação, Tecnologias e Comunicação) é encaixe direto para EdTech e IA na educação..",Educação,,
UFSC,PPGE — Centro de Ciências da Educação,não encontrado — consultar secretaria do programa,,https://ppge.ufsc.br,coordenacao.ppge@contato.ufsc.br,Linhas de pesquisa não confirmadas nesta rodada — consultar site oficial. Melhor encaixe: não encontrado — consultar secretaria do programa para avaliar encaixe..,Educação,,
UFBA,PGEDU — Faculdade de Educação,não encontrado — consultar secretaria do programa,,https://pgedu.ufba.br,não encontrado — consultar secretaria do programa,"Linhas de pesquisa: Currículo e Tecnologias de Informação e Comunicação; Filosofia, Linguagem e Práxis Pedagógica; Políticas e Gestão da Educação; Trabalho e Educação. Melhor encaixe: Rafael — linha Currículo e Tecnologias de Informação e Comunicação é forte aderência a EdTech e analytics..",Educação,,
UFPE,PPGEduc — Educação Contemporânea (CAA),não encontrado — consultar secretaria do programa,,https://www.ufpe.br/ppgeduccontemporanea,ppgeducont.caa@ufpe.br (coord. saulo.ffeitosa@ufpe.br),"Linhas de pesquisa: Currículo (políticas e práticas), avaliação e formação docente; profissionalização docente; saberes e práticas de ensino-aprendizagem. Melhor encaixe: Daniela — linha sobre formação docente e ensino-aprendizagem tem aderência parcial a formação socioemocional..",Educação,,
UFC,PPGE — Faculdade de Educação,4,,https://www.repositorio.ufc.br/ppge,ppge@ufc.br,"Nota CAPES 4. Linhas de pesquisa: Trabalho como fundamento ontológico da reprodução social; Avaliação educacional (aprendizagem, instituições, políticas públicas); Mundo do trabalho e formação de trabalhadores. Melhor encaixe: Rafael — linha de avaliação educacional (aprendizagem, instituições, políticas) conecta a dados e analytics..",Educação,,
UFPR,PPGE — Setor de Educação,não encontrado — consultar secretaria do programa,,https://www.ppge.ufpr.br,ppge.academico@ufpr.br,Linhas de pesquisa: Formação de Professores e Fundamentos da Prática Educativa; Teorias e Práticas de Ensino na Educação Básica (demais não detalhadas). Melhor encaixe: Daniela — linha Formação de Professores e Fundamentos da Prática Educativa tem aderência parcial a desenvolvimento humano..,Educação,,
PUC-SP,Educação: Currículo,não encontrado — consultar secretaria do programa,,https://www.pucsp.br/pos-graduacao/educacao-curriculo,ced@pucsp.br / alunospos@pucsp.br (coord. mgmoreira@pucsp.br),Linhas de pesquisa: Currículo (desde 1975); vice-coordenadora com atuação em tecnologias educacionais e formação de formadores. Melhor encaixe: Rafael — vice-coordenadora é referência em tecnologias educacionais; linha Currículo tem forte aderência a EdTech..,Educação,,
PUC-SP,Educação: Psicologia da Educação,não encontrado — consultar secretaria do programa,,https://www.pucsp.br/pos-graduacao/educacao-psicologia-da-educacao,alunospos@pucsp.br,"Linhas de pesquisa: Psicologia da Educação (programa específico; detalhes de linhas não aprofundados). Melhor encaixe: Daniela — encaixe direto: programa específico de Psicologia da Educação, alinhado à sua formação em Psicologia..",Educação,,
PUC-Rio,PPGE — Departamento de Educação,7,,https://www.puc-rio.br/ensinopesq/ccg/educacao.html,não encontrado — consultar secretaria do programa,"Nota CAPES 7. Linhas de pesquisa: Desigualdades Sociais, Políticas Públicas e Instituições; Formação de Professores, Didática, Aprendizagem, Currículo e Cultura; Formação Humana: Cultura, Linguagem e Tecnologia. Melhor encaixe: Rafael — linha ""Formação Humana: Cultura, Linguagem e Tecnologia"" e nota CAPES 7 são forte aderência a EdTech..",Educação,,
UERJ,PROPED — Pós-Graduação em Educação,não encontrado — consultar secretaria do programa,,https://www.proped.pro.br,secretaria@proped.pro.br,"Linhas de pesquisa: Cotidianos, Redes Educativas e Processos Culturais; Educação Inclusiva e Processos Educacionais; Infância, Juventude e Educação; Instituições, Práticas Educativas e História; Currículo: sujeitos, conhecimento e cultura; Gênero, raça e interseccionalidades. Melhor encaixe: Maria Eduarda — linha Educação Inclusiva e Processos Educacionais é encaixe direto com o TCC sobre inclusão..",Educação,,
UFF,PPG Educação,4 (verificar oficialmente),,https://www.uff.br/?q=pos-graduacao/educacao,não encontrado — consultar secretaria do programa,Nota CAPES 4 (verificar oficialmente). Linhas de pesquisa não confirmadas nesta rodada — consultar site oficial. Melhor encaixe: não encontrado — linhas não detalhadas; consultar secretaria..,Educação,,
UFSCar,PPGE — Pós-Graduação em Educação,não encontrado — consultar secretaria do programa,,https://www.ppge.ufscar.br,secppge@ufscar.br,Linhas de pesquisa: Práticas Sociais e Processos Educativos (uma de 7 linhas; demais não detalhadas). Melhor encaixe: não encontrado — apenas uma das 7 linhas identificada; consultar secretaria..,Educação,,
UFG,PPGE — Faculdade de Educação,não encontrado — consultar secretaria do programa,,https://educacao.ppg.ufg.br,recepcao.fe@ufg.br / graduacao.fe@ufg.br,Linhas de pesquisa não confirmadas nesta rodada — consultar site oficial. Melhor encaixe: não encontrado — consultar secretaria do programa..,Educação,,
UFES,PPGE — Pós-Graduação em Educação,6,,https://educacao.ufes.br/pos-graduacao,não encontrado — consultar secretaria do programa,"Nota CAPES 6. Linhas de pesquisa: Currículo, ensino, formação de professores e história da educação; Educação, direitos humanos, trabalho, justiça social, desigualdade e democracia. Melhor encaixe: Daniela — linha de currículo, ensino e formação de professores toca desenvolvimento humano e formação docente..",Educação,,
UNIR,Mestrado Acadêmico em Psicologia,,,https://mapsi.unir.br,Não coletado ainda (fase 2 em andamento),Rondônia (Porto Velho). Único programa de Psicologia stricto sensu confirmado na região Norte fora de UFPA/UFAM.,Psicologia,,
UCB,Programa de Pós-Graduação Stricto Sensu em Psicologia,,,https://www.catolica.edu.br/pos-stricto/mestrado-em-psicologia-ucb,Não coletado ainda (fase 2 em andamento),"Brasília, DF. Mestrado (desde 1999) + Doutorado (desde 2012). Nota CAPES 5.",Psicologia,,
UniCEUB,Programa de Pós-Graduação Stricto Sensu em Psicologia,,,https://www.uniceub.br/pdp/mestrado-e-doutorado/psicologia/,Não coletado ainda (fase 2 em andamento),"Brasília, DF. Mestrado confirmado; doutorado não confirmado.",Psicologia,,
PUC Goiás,Programa de Pós-Graduação Stricto Sensu em Psicologia (PSSP),,,https://www.pucgoias.edu.br/mestrado-e-doutorado/psicologia/,Não coletado ainda (fase 2 em andamento),"Goiânia, GO. Mestrado (desde 1999) + Doutorado. Nota CAPES 4.",Psicologia,,
UCDB,Programa de Pós-Graduação em Psicologia,,,https://site.ucdb.br/mestrado-e-doutorado/mestrado-em-psicologia-584,Não coletado ainda (fase 2 em andamento),"Campo Grande, MS. Área de concentração Psicologia da Saúde. Mestrado + Doutorado.",Psicologia,,
UFGD,Programa de Pós-Graduação em Psicologia (PPGPsi),,,https://portal.ufgd.edu.br/pos-graduacao/mestrado-psicologia,Não coletado ainda (fase 2 em andamento),"Dourados, MS. Mestrado only (desde 2016). Linha inclui Processos Comportamentais e Cognitivos.",Psicologia,,
UFPI,Programa de Pós-Graduação em Psicologia (PPgPsi),,,https://sigaa.ufpi.br/sigaa/public/programa/apresentacao.jsf?id=982,Não coletado ainda (fase 2 em andamento),"Parnaíba, PI. Mestrado (criado 2016).",Psicologia,,
Unifor,Programa de Pós-Graduação em Psicologia (PPGP),,,https://unifor.br/web/pos-graduacao/mestrado-psicologia,Não coletado ainda (fase 2 em andamento),"Fortaleza, CE. Primeiro mestrado em Psicologia do Ceará (1997) + Doutorado (2010). Nota CAPES 5.",Psicologia,,
UEPB,Programa de Pós-Graduação em Psicologia da Saúde (PPGPS),,,https://pos-graduacao.uepb.edu.br/ppgps,Não coletado ainda (fase 2 em andamento),"Campina Grande, PB. Mestrado only.",Psicologia,,
UFCG,Programa de Pós-Graduação em Psicologia,,,https://portal.ufcg.edu.br/ultimas-noticias/5481,Não coletado ainda (fase 2 em andamento),"Campina Grande, PB. Recém-aprovado, primeira turma 2025, 20 vagas.",Psicologia,,
Unicap,Programa de Pós-Graduação em Psicologia Clínica (PPGPSI),,,https://portal.unicap.br/psicologia-clinica-ppgpsi-,Não coletado ainda (fase 2 em andamento),"Recife, PE. Mestrado + Doutorado, desde 1998/99. ★ Clínica — relevante para perfil Daniela.",Psicologia,,
UPE (Garanhuns),Mestrado Profissional em Psicologia – Práticas e Inovação em Saúde Mental (PRISMAL),,,https://upe.br/garanhuns,Não coletado ainda (fase 2 em andamento),"Garanhuns, PE. Mestrado Profissional, criado 2015.",Psicologia,,
FPS,Mestrado Profissional em Psicologia da Saúde,,,https://fps.edu.br/mestrado-profissional-em-psicologia-da-saude,Não coletado ainda (fase 2 em andamento),"Recife, PE (Faculdade Pernambucana de Saúde). Nota CAPES 4.",Psicologia,,
UNIVASF,Programa de Pós-Graduação em Psicologia (PPGPSI),,,https://portais.univasf.edu.br/cpgpsi,Não coletado ainda (fase 2 em andamento),"Petrolina, PE. Mestrado (10 anos), nota CAPES recém elevada 3→4.",Psicologia,,
Bahiana (EBMSP),Mestrado Profissional em Psicologia e Intervenções em Saúde,,,https://bahiana.edu.br/mestrado-profissional-em-psicologia-e-intervencoes-em-saude,Não coletado ainda (fase 2 em andamento),"Salvador, BA. Primeiro mestrado profissional em psicologia de Salvador.",Psicologia,,
UFRJ,Programa de Pós-graduação em Teoria Psicanalítica (PPGTP),,,https://teopsic.psicologia.ufrj.br/,Não coletado ainda (fase 2 em andamento),"Rio de Janeiro, RJ. Mestrado + Doutorado. Nota CAPES 5.",Psicologia,,
PUC-Rio,Programa de Pós-graduação em Psicologia (área Psicologia Clínica),,,https://ppg.psi.puc-rio.br/,Não coletado ainda (fase 2 em andamento),"Rio de Janeiro, RJ. Mestrado (1966) + Doutorado (1985). Nota CAPES 6. ★ Clínica.",Psicologia,,
Universo,Programa de Pós-graduação em Psicologia (área Psicologia Social),,,https://www.ppgpsicologia.universo.edu.br/,Não coletado ainda (fase 2 em andamento),"Niterói, RJ (Universidade Salgado de Oliveira). Mestrado (2006) + Doutorado (2012).",Psicologia,,
UCP,Mestrado em Psicologia (área Cognição Social),,,https://pos.ucp.br/ppgpsi/,Não coletado ainda (fase 2 em andamento),"Petrópolis, RJ. Mestrado only. Nota CAPES 3.",Psicologia,,
UFRRJ,Programa de Pós-Graduação em Psicologia (PPGPSI),,,https://cursos.ufrrj.br/posgraduacao/ppgpsi/,Não coletado ainda (fase 2 em andamento),"Seropédica, RJ. Mestrado + Doutorado. Nota CAPES 4.",Psicologia,,
UFMG,Psicologia: Cognição e Comportamento (PPGCogCom),,,https://www.fafich.ufmg.br/psicogcom/,Não coletado ainda (fase 2 em andamento),"Belo Horizonte, MG. Mestrado + Doutorado (2017).",Psicologia,,
PUC Minas,Programa de Pós-graduação em Psicologia (área Processos de Subjetivação),,,https://www.pucminas.br/pos/psicologia/,Não coletado ainda (fase 2 em andamento),"Belo Horizonte, MG. Mestrado + Doutorado. Nota CAPES 4-5.",Psicologia,,
UFU,Programa de Pós-Graduação em Psicologia (PPGPSI),,,https://ppgpsi.ip.ufu.br/,Não coletado ainda (fase 2 em andamento),"Uberlândia, MG. Mestrado + Doutorado.",Psicologia,,
UFSJ,Programa de Pós-Graduação em Psicologia (PPGPSI),,,https://ufsj.edu.br/ppgpsi/,Não coletado ainda (fase 2 em andamento),"São João del-Rei, MG. Mestrado + Doutorado. Nota CAPES 5 (subiu de 4).",Psicologia,,
UFTM,Programa de Pós-Graduação em Psicologia (PPGP),,,https://www.uftm.edu.br/pos-graduacao/stricto-sensu/ppgp,Não coletado ainda (fase 2 em andamento),"Uberaba, MG. Mestrado confirmado; doutorado não confirmado.",Psicologia,,
UFES,Programa de Pós-Graduação em Psicologia Institucional (PPGPSI),,,https://psicologiainstitucional.ufes.br/,Não coletado ainda (fase 2 em andamento),"Vitória, ES. Mestrado (2007) + Doutorado (2022).",Psicologia,,
Tuiuti (UTP),Programa de Pós-Graduação em Psicologia Forense (PPG-PSI),,,https://tuiuti.edu.br/mestrado-e-doutorado/psicologia-forense/,Não coletado ainda (fase 2 em andamento),"Curitiba, PR. Único programa exclusivo de Psicologia Forense do Brasil. Mestrado (2010) + Doutorado (2024). Nota CAPES 4.",Psicologia,,
UNIVALI,Mestrado Profissional em Psicologia (PPGP),,,https://portal.univali.br/pos/mestrado-doutorado/ppgp,Não coletado ainda (fase 2 em andamento),"Itajaí, SC. Mestrado Profissional. Nota CAPES 4.",Psicologia,,
PUCRS,Programa de Pós-Graduação em Psicologia (PPGP),,,https://portal.pucrs.br/ensino/mestrado-e-doutorado/psicologia/,Não coletado ainda (fase 2 em andamento),"Porto Alegre, RS. Mestrado + Doutorado. Nota CAPES 7 (máxima) — um de só 4 no Brasil. ★ Clínica, Cognição Humana.",Psicologia,,
UCS,Mestrado Profissional em Psicologia,,,https://www.ucs.br/site/pos-graduacao/formacao-stricto-sensu/psicologia/,Não coletado ainda (fase 2 em andamento),"Caxias do Sul, RS. Mestrado Profissional. Nota CAPES 4.",Psicologia,,
FURG,Programa de Pós-Graduação em Psicologia,,,https://ppgpsicologia.furg.br,Não coletado ainda (fase 2 em andamento),"Rio Grande, RS. Mestrado only (aprovado dez/2018).",Psicologia,,
UNISC,Mestrado Profissional em Psicologia (área Saúde Mental e Práticas Sociais),,,https://www.unisc.br/pt/cursos/todos-os-cursos/mestrado-doutorado/mestrado/mestrado-profissional-em-psicologia/,Não coletado ainda (fase 2 em andamento),"Santa Cruz do Sul, RS. Mestrado Profissional. Nota CAPES 5.",Psicologia,,
Feevale,"Mestrado Acadêmico em Psicologia (área Psicologia, Saúde e Sociedade)",,,https://www.feevale.br/pos-graduacao/stricto-sensu/mestrado-academico-em-psicologia,Não coletado ainda (fase 2 em andamento),"Novo Hamburgo, RS. Mestrado only.",Psicologia,,
Atitus Educação,Mestrado em Psicologia,,,https://atitus.edu.br/cursos/mestrado/mestradopsicologia,Não coletado ainda (fase 2 em andamento),"Passo Fundo, RS. Único programa de Psicologia do norte/noroeste do RS. Mestrado only. Nota CAPES 4.",Psicologia,,
UNISINOS,Programa de Pós-Graduação em Psicologia [⚠ PROVAVELMENTE DESCONTINUADO 2022],,,https://www.unisinos.br/pos/stricto/doutorado-academico/psicologia/presencial/sao-leopoldo,Não coletado ainda (fase 2 em andamento),"São Leopoldo, RS. Nota CAPES 5, mas a universidade anunciou publicamente o fechamento de 12 programas stricto sensu em jul/2022, incluindo Psicologia. Confirmar status atual antes de priorizar.",Psicologia,,
UFCSPA,Programa de Pós-Graduação em Psicologia e Saúde [área CAPES incerta],,,https://ufcspa.edu.br/vida-academica/pos-graduacao/mestrado-e-doutorado/psicologia-e-saude,Não coletado ainda (fase 2 em andamento),"Porto Alegre, RS. Mestrado (2016) confirmado; possível doutorado não confirmado; classificação exata na área CAPES Psicologia vs. Saúde Coletiva não confirmada.",Psicologia,,
UNIFESP,Programa de Pós-Graduação em Psicobiologia,,,https://ppg.unifesp.br/psicobiologia/,Não coletado ainda (fase 2 em andamento),"São Paulo, SP (Escola Paulista de Medicina). Mestrado + Doutorado, independente desde 1987.",Psicologia,,
PUC-SP,Psicologia: Psicologia Social,,,https://www.pucsp.br/pos-graduacao/mestrado-doutorado/psicologia-psicologia-social,Não coletado ainda (fase 2 em andamento),"São Paulo, SP. Mestrado + Doutorado.",Psicologia,,
PUC-SP,Psicologia: Psicologia Clínica,,,https://www.pucsp.br/pos-graduacao/mestrado-doutorado/psicologia-psicologia-clinica,Não coletado ainda (fase 2 em andamento),"São Paulo, SP. Mestrado + Doutorado, 50 anos em 2026. ★ Clínica.",Psicologia,,
PUC-SP,Psicologia Experimental: Análise do Comportamento,,,https://www.pucsp.br/pos-graduacao/mestrado-doutorado/psicologia-experimental-analise-do-comportamento,Não coletado ainda (fase 2 em andamento),"São Paulo, SP. Nota CAPES 4.",Psicologia,,
PUC-Campinas,Programa de Pós-Graduação em Psicologia,,,https://www.puc-campinas.edu.br/programa-de-pos-graduacao-em-psicologia-doutorado/,Não coletado ainda (fase 2 em andamento),"Campinas, SP. Mestrado + Doutorado (desde 1995). Área: Psicologia como Profissão e Ciência.",Psicologia,,
USF,Programa de Pós-Graduação em Psicologia,,,https://www.usf.edu.br/ppg/,Não coletado ainda (fase 2 em andamento),"Campinas (Swift), SP. Nota CAPES 7 (máxima) — primeira e única universidade privada do Brasil a atingir nota 7 em Psicologia. Área: Avaliação Psicológica.",Psicologia,,
UMESP,Programa de Pós-Graduação em Psicologia da Saúde,,,http://metodista.br/stricto-sensu/psicologia-da-saude,Não coletado ainda (fase 2 em andamento),"São Bernardo do Campo, SP. Mestrado + Doutorado.",Psicologia,,
UniSantos,"Mestrado Profissional em Psicologia, Desenvolvimento e Políticas Públicas",,,https://www.unisantos.br/pos/stricto-sensu/mestrado/mestrado-profissional-em-psicologia-desenvolvimento-e-politicas-publicas/,Não coletado ainda (fase 2 em andamento),"Santos, SP. Mestrado Profissional, primeiro da Baixada Santista.",Psicologia,,
UNIFIEO,Mestrado em Psicologia Educacional,,,https://www.unifieo.br/apresentacao-cursos/mestrado-em-psicologia-educacional,Não coletado ainda (fase 2 em andamento),"Osasco, SP. Mestrado only.",Psicologia,,
UNIP,Mestrado Profissional em Práticas Institucionais em Saúde Mental,,,https://www.unip.br/cursos/pos_graduacao/strictosensu/praticas-institucionais-saude-mental.aspx,Não coletado ainda (fase 2 em andamento),"Ribeirão Preto, SP (campus UNIP). Mestrado Profissional. Nota CAPES 3, Portaria 997/2020.",Psicologia,,
Universidade Ibirapuera,Programa de Pós-Graduação em Psicologia (Psicossomática),,,https://mestrado-e-doutorado.ibirapuera.br/psicologia/,Não coletado ainda (fase 2 em andamento),"São Paulo, SP. Mestrado only.",Psicologia,,
USP (IP),Psicologia Social (e do Trabalho) — PST,,,https://www.ip.usp.br/site/pos_graduacao/programa-de-pos-psicologia-social-pst/,Não coletado ainda (fase 2 em andamento),"São Paulo, SP. Mestrado + Doutorado.",Psicologia,,
USP (IP),Psicologia Escolar e do Desenvolvimento Humano — PSA,,,https://www.ip.usp.br/site/pos_graduacao/programa-de-pos-psicologia-escolar-e-do-desenvolvimento-psa/,Não coletado ainda (fase 2 em andamento),"São Paulo, SP. Mestrado + Doutorado.",Psicologia,,
USP (IP),Psicologia Experimental — PSE,,,https://www.ip.usp.br/site/pos_graduacao/programa-de-pos-psicologia-experimental-pse/,Não coletado ainda (fase 2 em andamento),"São Paulo, SP. Nota CAPES 7 (máxima).",Psicologia,,
USP (FFCLRP),Programa de Pós-Graduação em Psicobiologia,,,https://sites.usp.br/pgpsicobiologia/,Não coletado ainda (fase 2 em andamento),"Ribeirão Preto, SP. Nota CAPES 6.",Psicologia,,
UFOPA,Programa de Pós-Graduação em Computação (PPGC),,,https://ieg.ufopa.edu.br/ieg/pos-graduacao/ppgc/,Não coletado ainda (fase 2 em andamento),"Santarém, PA. Primeira turma 2025. Linha explícita: Inteligência Artificial e Sistemas de Apoio à Decisão. ★ IA.",Computação/Dados,,
UFPA (Tucuruí),Programa de Pós-Graduação em Computação Aplicada (PPCA),,,https://ppca.propesp.ufpa.br/,Não coletado ainda (fase 2 em andamento),"Tucuruí, PA. Mestrado Profissional, nota 3. Admissão explícita a Sistemas de Informação/Análise de Sistemas — bom encaixe para perfil Analytics.",Computação/Dados,,
UFAC,Programa de Pós-Graduação em Ciência da Computação (PPGCC),,,http://www2.ufac.br/ppgcc/,Não coletado ainda (fase 2 em andamento),"Rio Branco, AC.",Computação/Dados,,
UFAM,Programa de Pós-Graduação em Informática (PPGI),,,https://ppgi.ufam.edu.br/,Não coletado ainda (fase 2 em andamento),"Manaus, AM.",Computação/Dados,,
UFPA,Programa de Pós-Graduação em Computação (PPGCC),,,https://www.ppgcc.propesp.ufpa.br/,Não coletado ainda (fase 2 em andamento),"Belém, PA. Nota CAPES 6.",Computação/Dados,,
UECE,Programa de Pós-Graduação em Ciências da Computação (PPGCC),,,https://www.uece.br/ppgcc/,Não coletado ainda (fase 2 em andamento),"Fortaleza, CE. Nota CAPES 4. Linha: Algoritmos, Otimização e Inteligência Computacional. ★ IA.",Computação/Dados,,
UFPE (CIn),Programa Profissional em Ciência da Computação,,,https://portal.cin.ufpe.br/pos-graduacao/stricto-sensu/programa-profissional/,Não coletado ainda (fase 2 em andamento),"Recife, PE. Nota CAPES 4 (maior nota entre profissionais em Computação do Brasil). ★ 'Ciência de Dados' explícito nas linhas.",Computação/Dados,,
UFPE (CIn),Programa Acadêmico em Ciência da Computação,,,https://portal.cin.ufpe.br/pos-graduacao/stricto-sensu/programa-academico/,Não coletado ainda (fase 2 em andamento),"Recife, PE. Nota CAPES 7. Linha Inteligência Computacional (agentes/aprendizado de máquina). ★ IA.",Computação/Dados,,
UFRN,Programa de Pós-Graduação em Sistemas e Computação (PPgSC),,,https://posgraduacao.ufrn.br/en/73,Não coletado ainda (fase 2 em andamento),"Natal, RN.",Computação/Dados,,
UFPB,Programa de Pós-Graduação em Informática (PPGI),,,https://sigaa.ufpb.br/sigaa/public/programa/apresentacao.jsf?id=1879,Não coletado ainda (fase 2 em andamento),"João Pessoa, PB. Nota CAPES 4.",Computação/Dados,,
UFCG,Programa de Pós-Graduação em Ciência da Computação,,,https://www.computacao.ufcg.edu.br/pos-graduacao,Não coletado ainda (fase 2 em andamento),"Campina Grande, PB. Nota CAPES 4.",Computação/Dados,,
UFPI,Programa de Pós-Graduação em Ciência da Computação (PPGCC),,,https://sigaa.ufpi.br/sigaa/public/programa/apresentacao.jsf?id=615,Não coletado ainda (fase 2 em andamento),"Teresina, PI.",Computação/Dados,,
UFS,Programa de Pós-Graduação em Ciência da Computação (PROCC),,,https://www.sigaa.ufs.br/sigaa/public/programa/apresentacao.jsf?id=710,Não coletado ainda (fase 2 em andamento),"São Cristóvão, SE. Linha explícita 'Computação Inteligente'. ★ IA.",Computação/Dados,,
UFAL,Mestrado em Informática,,,https://ic.ufal.br/en/pos-graduacao/informatics,Não coletado ainda (fase 2 em andamento),"Maceió, AL. Linha 'Computação Visual e Inteligente'. ★ IA.",Computação/Dados,,
UFMA,Programa de Pós-Graduação em Ciência da Computação (PPGCC),,,https://www.ppgcc.ufma.br/,Não coletado ainda (fase 2 em andamento),"São Luís, MA.",Computação/Dados,,
UnB,Programa de Pós-Graduação em Informática (PPGI),,,https://ppgi.unb.br/,Não coletado ainda (fase 2 em andamento),"Brasília, DF. Nota CAPES 5 (única nota 5 do Centro-Oeste em Computação).",Computação/Dados,,
UnB,Programa de Pós-Graduação em Computação Aplicada (PPCA),,,https://ppca.unb.br/,Não coletado ainda (fase 2 em andamento),"Brasília, DF. Mestrado + Doutorado Profissional (2025). Perfil aplicado, admite formação diversa em TI — bom encaixe para Analytics.",Computação/Dados,,
UFG,Programa de Pós-graduação em Ciência da Computação (PPGCC),,,https://ppgcc.inf.ufg.br/,Não coletado ainda (fase 2 em andamento),"Goiânia, GO.",Computação/Dados,,
UFMS,Programa de Pós-graduação em Ciência da Computação (PPGCC),,,https://www.facom.ufms.br/ppgcc/,Não coletado ainda (fase 2 em andamento),"Campo Grande, MS.",Computação/Dados,,
UFMT,Programa de Pós-Graduação em Computação (PPGCOMP/PPGCA),,,https://ppgcomp.ic.ufmt.br/,Não coletado ainda (fase 2 em andamento),"Cuiabá, MT.",Computação/Dados,,
USP (ICMC),Ciências de Computação e Matemática Computacional (PPG-CCMC),,,https://www.icmc.usp.br/pos-graduacao/ppgccmc,Não coletado ainda (fase 2 em andamento),"São Carlos, SP. Nota CAPES 7. Admissão explícita a Computação, Engenharias, Matemática, Estatística e afins — ótimo encaixe para Analytics. ★★★★★ IA/Dados.",Computação/Dados,,
USP (ICMC/CeMEAI),"Mestrado Profissional MECAI (Matemática, Estatística e Computação Aplicadas à Indústria)",,,https://cemeai.icmc.usp.br/,Não coletado ainda (fase 2 em andamento),"São Carlos, SP. Mestrado Profissional voltado explicitamente a formados em CC, Eng. Computação, Matemática, Estatística já atuantes no mercado — excelente encaixe para Analytics. ★★★★★.",Computação/Dados,,
USP (IME),Mestrado em Ciência da Computação,,,https://www.ime.usp.br/,Não coletado ainda (fase 2 em andamento),"São Paulo, SP.",Computação/Dados,,
UNICAMP (IC),Mestrado Acadêmico em Ciência da Computação,,,https://ic.unicamp.br/pos-graduacao/mestrado-academico-em-ciencia-da-computacao/,Não coletado ainda (fase 2 em andamento),"Campinas, SP.",Computação/Dados,,
UFABC,Programa de Pós-Graduação em Ciência da Computação,,,https://poscomp.ufabc.edu.br/,Não coletado ainda (fase 2 em andamento),"Santo André, SP. Acadêmico + Profissional.",Computação/Dados,,
UFSCar,Programa de Pós-Graduação em Ciência da Computação (PPGCC),,,https://www.ppgcc.ufscar.br/,Não coletado ainda (fase 2 em andamento),"São Carlos, SP. Linha 'Aprendizado de Máquina e Processamento de Línguas Naturais'. ★ IA.",Computação/Dados,,
UFSCar (Sorocaba),Mestrado em Ciência da Computação (DComp-So),,,https://www.dcomp.ufscar.br/mestrado/,Não coletado ainda (fase 2 em andamento),"Sorocaba, SP.",Computação/Dados,,
UNESP (IBILCE),Programa de Pós-Graduação em Ciência da Computação (interunidades),,,https://www.ibilce.unesp.br/,Não coletado ainda (fase 2 em andamento),"São José do Rio Preto, SP. IA como um dos temas centrais. ★ IA.",Computação/Dados,,
UNIFESP (ICT),Programa de Pós-Graduação em Ciência da Computação,,,https://ppg.unifesp.br/cc/,Não coletado ainda (fase 2 em andamento),"São José dos Campos, SP. Mestrado + Doutorado.",Computação/Dados,,
Mackenzie,Programa de Pós-Graduação em Computação Aplicada,,,https://www.mackenzie.br/pos-graduacao/mestrado-e-doutorado,Não coletado ainda (fase 2 em andamento),"São Paulo, SP. Primeiro mestrado profissional em Computação aprovado pela CAPES em SP.",Computação/Dados,,
PUC-Rio,Mestrado em Informática,,,https://www.puc-rio.br/ensinopesq/ccpg/proginf.html,Não coletado ainda (fase 2 em andamento),"Rio de Janeiro, RJ. Nota CAPES 7.",Computação/Dados,,
UFRJ (COPPE),Programa de Engenharia de Sistemas e Computação (PESC),,,https://www.cos.ufrj.br/,Não coletado ainda (fase 2 em andamento),"Rio de Janeiro, RJ. Nota CAPES 7 (um de só 2 nota 7 do país).",Computação/Dados,,
UFF,Programa de Pós-Graduação em Computação,,,https://www.ic.uff.br/pos-graduacao/,Não coletado ainda (fase 2 em andamento),"Niterói, RJ. Nota CAPES 6 (7 a partir de 2026).",Computação/Dados,,
UERJ (IME),Ciências Computacionais e Modelagem Matemática (PPG-CompMat),,,https://ccomp.ime.uerj.br/,Não coletado ainda (fase 2 em andamento),"Rio de Janeiro, RJ. Nota CAPES 4. Classificado como Interdisciplinar (não Computação pura) — potencialmente aberto a formações afins.",Interdisciplinar,,
UNIRIO,Programa de Pós-Graduação em Informática (PPGI),,,https://ppgi.uniriotec.br/,Não coletado ainda (fase 2 em andamento),"Rio de Janeiro, RJ. Foco em Sistemas de Informação — perfil analítico/organizacional, possível fit interdisciplinar.",Computação/Dados,,
FGV (EMAp),Mestrado em Matemática Aplicada e Ciência de Dados,,,https://emap.fgv.br/,Não coletado ainda (fase 2 em andamento),"Rio de Janeiro, RJ. 'Ciência de Dados' no próprio nome. ★★★★★ Dados.",Computação/Dados,,
UFMG,Programa de Pós-graduação em Ciência da Computação (PPGCC/DCC),,,https://ppgcc.dcc.ufmg.br/mestrado/,Não coletado ainda (fase 2 em andamento),"Belo Horizonte, MG. Nota CAPES 7.",Computação/Dados,,
UFV,Programa de Pós-Graduação em Ciência da Computação,,,https://ppgcc.ufv.br/,Não coletado ainda (fase 2 em andamento),"Viçosa, MG.",Computação/Dados,,
UFU,Programa de Pós-graduação em Ciência da Computação (PPGCO),,,https://ppgco.facom.ufu.br/areas-e-linhas-de-pesquisa/ciencia-de-dados,Não coletado ainda (fase 2 em andamento),"Uberlândia, MG. ★★★★★ Linha de pesquisa dedicada 'Ciência de Dados' confirmada no site oficial.",Computação/Dados,,
UFLA,Programa de Pós-Graduação em Ciência da Computação,,,https://prpg.ufla.br/_ppg/computacao/,Não coletado ainda (fase 2 em andamento),"Lavras, MG.",Computação/Dados,,
UFOP,Programa de Pós-Graduação em Ciência da Computação (PPGCC/ICEB),,,https://www3.decom.ufop.br/pos/,Não coletado ainda (fase 2 em andamento),"Ouro Preto, MG. Nota CAPES 4. ★★★★ Admissão explícita a 'áreas relacionadas' — bom encaixe Analytics.",Computação/Dados,,
PUC Minas,Programa de Pós-Graduação em Informática (PPGINF),,,https://www.pucminas.br/pos/informatica/,Não coletado ainda (fase 2 em andamento),"Belo Horizonte, MG. Linha 'Análise de Dados, Descoberta de Conhecimento e Recuperação de Informação'. ★ IA/Dados.",Computação/Dados,,
UFES,Mestrado em Informática / Doutorado em Ciência da Computação (PPGI),,,https://informatica.ufes.br/pt-br/pos-graduacao/PPGI,Não coletado ainda (fase 2 em andamento),"Vitória, ES.",Computação/Dados,,
IFES (Serra),Mestrado Profissional em Computação Aplicada,,,https://www.ifes.edu.br/cursos/pos-graduacao/mestrado-em-computacao-aplicada,Não coletado ainda (fase 2 em andamento),"Serra, ES. ★★★★★ Edital confirma admissão de 'candidatos possuindo diploma de curso superior em qualquer área do conhecimento' — melhor encaixe explícito de todos para perfil interdisciplinar/Analytics.",Computação/Dados,,
UFRGS,Programa de Pós-Graduação em Computação (PPGC),,,https://www.inf.ufrgs.br/ppgc/,Não coletado ainda (fase 2 em andamento),"Porto Alegre, RS. Nota CAPES 7.",Computação/Dados,,
PUCRS,Programa de Pós-Graduação em Ciência da Computação,,,https://portal.pucrs.br/ensino/mestrado-e-doutorado/ciencia-da-computacao/,Não coletado ainda (fase 2 em andamento),"Porto Alegre, RS. Nota CAPES 7. ★★★★★ Linha explícita de Data Science; admissão explícita a Sistemas de Informação, Eng. Software, Eng. Computação, Ciência de Dados — melhor encaixe documentado de toda a pesquisa.",Computação/Dados,,
UFSM,Programa de Pós-Graduação em Ciência da Computação (PPGCC),,,https://www.ufsm.br/cursos/pos-graduacao/santa-maria/ppgcc,Não coletado ainda (fase 2 em andamento),"Santa Maria, RS. Nota CAPES 3.",Computação/Dados,,
UCS,Mestrado Profissional em Computação Aplicada,,,https://www.ucs.br/site/pos-graduacao/formacao-stricto-sensu/computacao-aplicada/,Não coletado ainda (fase 2 em andamento),"Caxias do Sul, RS. ★★★★ Linha explícita 'Inteligência artificial e ciência de dados'.",Computação/Dados,,
UPF,Programa de Pós-Graduação em Computação Aplicada (PPGCA),,,https://www.upf.br/ppgca/,Não coletado ainda (fase 2 em andamento),"Passo Fundo, RS.",Computação/Dados,,
UFSC,Programa de Pós-Graduação em Ciência da Computação (PPGCC),,,https://ppgcc.ufsc.br/,Não coletado ainda (fase 2 em andamento),"Florianópolis, SC. Nota CAPES 5.",Computação/Dados,,
UDESC,Mestrado em Computação Aplicada (PPGCAP),,,https://www.udesc.br/cct/ppgca/,Não coletado ainda (fase 2 em andamento),"Joinville, SC.",Computação/Dados,,
UFPR,Programa de Pós-Graduação em Informática,,,https://exatas.ufpr.br/programa-de-pos-graduacao-em-informatica/,Não coletado ainda (fase 2 em andamento),"Curitiba, PR.",Computação/Dados,,
UEM,Programa de Pós-graduação em Ciência da Computação (PCC),,,https://cpr.uem.br/index.php/catalogos/pos-graduacao/1446-programa-de-pos-graduacao-em-ciencia-da-computacao,Não coletado ainda (fase 2 em andamento),"Maringá, PR.",Computação/Dados,,
UEL,Programa de Pós-Graduação em Ciência da Computação,,,https://pos.uel.br/ciencia-da-computacao/,Não coletado ainda (fase 2 em andamento),"Londrina, PR. Desde 2008.",Computação/Dados,,
PUCPR,Programa de Pós-Graduação em Informática (PPGIa),,,https://www.ppgia.pucpr.br/,Não coletado ainda (fase 2 em andamento),"Curitiba, PR. Nota CAPES 5.",Computação/Dados,,
UTFPR (Ponta Grossa),Programa de Pós-Graduação em Ciência da Computação (PPGCC-PG),,,https://www.utfpr.edu.br/cursos/programas-de-pos-graduacao/ppgcc-pg,Não coletado ainda (fase 2 em andamento),"Ponta Grossa, PR.",Computação/Dados,,
UTFPR (Curitiba),Programa de Pós-Graduação em Computação Aplicada (PPGCA-CT),,,https://www.utfpr.edu.br/cursos/programas-de-pos-graduacao/ppgca-ct,Não coletado ainda (fase 2 em andamento),"Curitiba, PR.",Computação/Dados,,
USP (IP),Neurociências e Comportamento (NEC),,,https://www.ip.usp.br/site/mestrado-nec-2/,Não coletado ainda (fase 2 em andamento),"São Paulo, SP. Mestrado + Doutorado desde 1992. ★★★★★ Admissão explícita: 'diploma em Psicologia ou cursos afins'.",Neurociência,,
USP (FFCLRP),Programa de Pós-Graduação em Psicobiologia [dup. ver Psicologia],,,https://sites.usp.br/pgpsicobiologia/en/ingresso/,Não coletado ainda (fase 2 em andamento),"Ribeirão Preto, SP. ★★★★★ Admissão explícita: 'Psicologia, Ciências Biológicas, Medicina ou áreas afins'.",Neurociência,,
USP (FMRP),Programa de Pós-Graduação em Neurologia e Neurociências (área Neurociências),,,http://pgneuro.fmrp.usp.br/en/ingresso/,Não coletado ainda (fase 2 em andamento),"Ribeirão Preto, SP. ★★★★★ Admissão explícita nomeando Psicologia entre as áreas aceitas (área Neurologia é só para médicos).",Neurociência,,
USP (FMRP),Programa de Pós-Graduação em Saúde Mental (Depto. Neurociências e Ciências do Comportamento),,,https://pgsm.fmrp.usp.br/en/,Não coletado ainda (fase 2 em andamento),"Ribeirão Preto, SP. ★★★★★ Admissão explícita incluindo Psicologia.",Neurociência,,
UFABC,Programa de Pós-Graduação em Neurociência e Cognição (PPGNC),,,https://propg.ufabc.edu.br/neuro/,Não coletado ainda (fase 2 em andamento),"Santo André/SBC, SP. 3 linhas: Neurociência de Sistemas, Ciências Cognitivas, Neurociência Computacional. Admissão de Psicologia não confirmada.",Neurociência,,
UNIFESP,Programa de Pós-Graduação em Neurologia e Neurociências,,,https://ppg.unifesp.br/neuro/institucional/51-ingresso,Não coletado ainda (fase 2 em andamento),"São Paulo, SP. Desde 1978. Linguagem 'outras áreas' — Psicologia não nomeada explicitamente.",Neurociência,,
UnB,"Ciências do Comportamento (PPG-CdC), área Cognição e Neurociências do Comportamento",,,https://cdc.unb.br/mestrado-e-doutorado/,Não coletado ainda (fase 2 em andamento),"Brasília, DF. ★★★★★ MELHOR ACHADO: edital exige explicitamente 'graduação em Psicologia ou área afim'.",Neurociência,,
UFRGS,Programa de Pós-Graduação em Neurociências (PPG Neuro),,,https://www.ufrgs.br/ppgneurociencias/,Não coletado ainda (fase 2 em andamento),"Porto Alegre, RS. ★★★★ Linguagem ampla 'qualquer diploma superior'; psicólogos já mencionados como alunos.",Neurociência,,
UFSC,Programa de Pós-Graduação em Neurociências (PPGNeuro),,,https://ppgneuro.posgrad.ufsc.br/,Não coletado ainda (fase 2 em andamento),"Florianópolis, SC. Nota CAPES 6. Preferência declarada por Ciências Biológicas/Saúde — Psicologia não confirmada explicitamente.",Neurociência,,
PUCRS,"Medicina e Ciências da Saúde (PPGMCS), área Neurociências (InsCer)",,,https://inscer.pucrs.br/br/mestrado-e-doutorado,Não coletado ainda (fase 2 em andamento),"Porto Alegre, RS. Nota CAPES 6. Provavelmente biomédico/clínico — admissão de Psicologia não confirmada.",Neurociência,,
UFMG,Programa Interdisciplinar de Pós-Graduação em Neurociências,,,https://neurociencias.icb.ufmg.br/,Não coletado ainda (fase 2 em andamento),"Belo Horizonte, MG. Linguagem inclusiva ('humanas e exatas, não só biológicas/saúde') sugere abertura a Psicologia, não confirmado literalmente.",Interdisciplinar,,
UFF,Programa de Pós-Graduação em Neurociências (PPGNeuro),,,https://neurociencias.uff.br/,Não coletado ainda (fase 2 em andamento),"Niterói, RJ.",Neurociência,,
UFF,Neurologia e Neurociências (área Neurociências),,,https://ppgstrictoneuro.uff.br/,Não coletado ainda (fase 2 em andamento),"Niterói, RJ. Housed na Faculdade de Medicina — possível restrição a formação em saúde, não confirmado.",Neurociência,,
UFRJ,"Ciências Morfológicas (PCM), área Neurociências Básica e Clínica",,,https://ppgcm.icb.ufrj.br/,Não coletado ainda (fase 2 em andamento),"Rio de Janeiro, RJ.",Neurociência,,
UFPB,Programa de Pós-Graduação em Neurociência Cognitiva e Comportamento (PPGNeC),,,https://www.cchla.ufpb.br/ppgnec/,Não coletado ainda (fase 2 em andamento),"João Pessoa, PB. Sediado no Depto. de Psicologia. Edital menciona 'áreas afins', sem nomear Psicologia literalmente.",Neurociência,,
UFPE,Programa de Pós-Graduação em Neuropsiquiatria e Ciências do Comportamento (Posneuro),,,https://www.ufpe.br/en/posneuro,Não coletado ainda (fase 2 em andamento),"Recife, PE. ★★★★★ Edital explícito: exige graduação em Ciências da Saúde 'incluindo Psicologia'.",Neurociência,,
UFPA,Programa de Pós-Graduação em Neurociências e Comportamento (PPGNC),,,https://ppgnc.propesp.ufpa.br/,Não coletado ainda (fase 2 em andamento),"Belém, PA. Classificado na área CAPES Psicologia, subárea Psicobiologia. Nota CAPES 4.",Neurociência,,
UFPA,Programa de Pós-Graduação em Neurociências e Biologia Celular (PNBC),,,https://pnbc.propesp.ufpa.br/,Não coletado ainda (fase 2 em andamento),"Belém, PA. Instituto de Ciências Biológicas — mais voltado a formação biomédica, Psicologia não confirmada.",Neurociência,,
Instituto Santos Dumont,Mestrado em Neuroengenharia,,,https://institutosantosdumont.org.br/en/pos-graduacao-neuroengenharia/,Não coletado ainda (fase 2 em andamento),"Macaíba, RN. Área CAPES Interdisciplinar (mudou de Engenharias IV em 2024/25).",Interdisciplinar,,
UNIRIO,"Programa de Pós-Graduação em Neurologia (PPGNEURO), concentração Neurociências",,,https://www.unirio.br/boletins/ppg_neuro/programa-de-pos-graduacao-em-neurologia,Não coletado ainda (fase 2 em andamento),"Rio de Janeiro, RJ.",Neurociência,,
UFSC,Programa de Pós-Graduação em Cognição e Linguagem (PPGCL),,,https://ppgcl.online/,Não coletado ainda (fase 2 em andamento),"Florianópolis, SC. Corpo discente historicamente vindo de Psicologia, Filosofia, Letras, Educação, Comunicação. ★★★★ Bridge com Psicologia confirmado.",Interdisciplinar,,
UFERSA,"Programa de Pós-Graduação Interdisciplinar em Cognição, Tecnologias e Instituições (PPGCTI)",,,https://ppgcti.ufersa.edu.br/,Não coletado ainda (fase 2 em andamento),"Mossoró, RN. ★★★★★ MELHOR BRIDGE: admite explicitamente Psicologia E Ciência da Computação no mesmo programa — encaixe direto para Daniela E Maria Eduarda juntas.",Interdisciplinar,,
UFPB,Programa de Pós-Graduação em Neurociência Cognitiva e Comportamento (PPgNeC) [dup. ver Neurociência],,,https://www.cchla.ufpb.br/ppgnec/,Não coletado ainda (fase 2 em andamento),"João Pessoa, PB. Sediado em Psicologia, docentes de Educação e Exatas também.",Interdisciplinar,,
UFMG,Psicologia: Cognição e Comportamento (PPGCogCom) [dup. ver Psicologia],,,https://www.fafich.ufmg.br/psicogcom/,Não coletado ainda (fase 2 em andamento),"Belo Horizonte, MG. Foco em memória, linguagem, atenção — interdisciplinaridade principalmente dentro de Psicologia.",Interdisciplinar,,
